Workbook
Name ワンポイントタグ: テーブル1[ワンポイントタグ]
Name 種族タグ: テーブル1[種族タグ]
Name 小物タグ: テーブル1[小物タグ]
Name 職業タグ: テーブル1[職業タグ]

Sheet キャラ情報
A1: 番号 | B1: 画像 | C1: 名前 | D1: なまえ | E1: Name | F1: リンク | G1: 作品タグ | H1: 性別 | I1: 種族タグ | J1: 職業タグ | K1: 小物タグ | L1: ワンポイントタグ | M1: グッズ許可・許可 | N1: 描画状況 | O1: 列1 | P1: 列2 | Q1: 乱数A | R1: 投稿状況 | S1: 乱数B | T1: |画像 | U1: |名前 | V1: |なまえ | W1: |Name | X1: |キャラクター情報リンク|
A2: 1 | B2: =SUBSTITUTE(SUBSTITUTE(SUBSTITUTE(SUBSTITUTE(SUBSTITUTE(SUBSTITUTE(SUBSTITUTE(SUBSTITUTE(LOWER(テーブル1[[#This Row],[Name]])," ","-"),".","-"),"&","-"),"_","-"),"・","-"),"=","-"),"--","-"),"--","-") -> akagane-fuyo | C2: 赤鐘芙蓉 | D2: あかがね ふよう | E2: Akagane Fuyo | F2: https://mitoristu.wixsite.com/kousaibako | G2: #虹彩箱 | H2: 女性 | I2: 鬼 | L2: 尖耳 | M2: 〇 / 不要 | N2: 済 | O2: =テーブル1[[#This Row],[リンク]]&テーブル1[[#This Row],[描画状況]] -> https://mitoristu.wixsite.com/kousaibako済 | P2: =1-(COUNTIF(O:O,_xlfn.TEXTJOIN(",",TRUE,テーブル1[[#This Row],[リンク]],テーブル1[[#This Row],[描画状況]]))/COUNTIF(F:F,テーブル1[[#This Row],[リンク]])) -> 1 | Q2: =IFERROR(IF(テーブル1[[#This Row],[描画状況]]="",RAND()+(テーブル1[[#This Row],[列2]]*100),""),RAND()) | R2: 済 | S2: =IF(AND(テーブル1[[#This Row],[描画状況]]="済",テーブル1[[#This Row],[投稿状況]]=""),RAND(),"") | T2: ="|&image("&テーブル1[[#This Row],[画像]]&".png,width=100,height=100)" -> |&image(akagane-fuyo.png,width=100,height=100) | U2: ="|MIDDLE:​"&テーブル1[[#This Row],[名前]] -> |MIDDLE:​赤鐘芙蓉 | V2: ="|MIDDLE:​"&テーブル1[[#This Row],[なまえ]] -> |MIDDLE:​あかがね ふよう | W2: ="|MIDDLE:​"&テーブル1[[#This Row],[Name]] -> |MIDDLE:​Akagane Fuyo | X2: ="|MIDDLE:​&link(配布所はこちら){​"&テーブル1[[#This Row],[リンク]]&"}|" -> |MIDDLE:​&link(配布所はこちら){​https://mitoristu.wixsite.com/kousaibako}|
A3: 2 | B3: =SUBSTITUTE(SUBSTITUTE(SUBSTITUTE(SUBSTITUTE(SUBSTITUTE(SUBSTITUTE(SUBSTITUTE(SUBSTITUTE(LOWER(テーブル1[[#This Row],[Name]])," ","-"),".","-"),"&","-"),"_","-"),"・","-"),"=","-"),"--","-"),"--","-") -> azumayatei-kyuichi | C3: 東屋亭久一 | D3: あずまやてい きゅういち | E3: Azumayatei Kyuichi | F3: https://lit.link/sereinrain | G3: #東屋でお茶でも | H3: 男性 | I3: 人間 | J3: 学者 | K3: 眼鏡 | L3: インナーカラー|片目隠れ | N3: 済 | O3: =テーブル1[[#This Row],[リンク]]&テーブル1[[#This Row],[描画状況]] -> https://lit.link/sereinrain済 | P3: =1-(COUNTIF(O:O,_xlfn.TEXTJOIN(",",TRUE,テーブル1[[#This Row],[リンク]],テーブル1[[#This Row],[描画状況]]))/COUNTIF(F:F,テーブル1[[#This Row],[リンク]])) -> 1 | Q3: =IFERROR(IF(テーブル1[[#This Row],[描画状況]]="",RAND()+(テーブル1[[#This Row],[列2]]*100),""),RAND()) | R3: 済 | S3: =IF(AND(テーブル1[[#This Row],[描画状況]]="済",テーブル1[[#This Row],[投稿状況]]=""),RAND(),"") | T3: ="|&image("&テーブル1[[#This Row],[画像]]&".png,width=100,height=100)" -> |&image(azumayatei-kyuichi.png,width=100,height=100) | U3: ="|MIDDLE:​"&テーブル1[[#This Row],[名前]] -> |MIDDLE:​東屋亭久一 | V3: ="|MIDDLE:​"&テーブル1[[#This Row],[なまえ]] -> |MIDDLE:​あずまやてい きゅういち | W3: ="|MIDDLE:​"&テーブル1[[#This Row],[Name]] -> |MIDDLE:​Azumayatei Kyuichi | X3: ="|MIDDLE:​&link(配布所はこちら){​"&テーブル1[[#This Row],[リンク]]&"}|" -> |MIDDLE:​&link(配布所はこちら){​https://lit.link/sereinrain}|
A4: 3 | B4: =SUBSTITUTE(SUBSTITUTE(SUBSTITUTE(SUBSTITUTE(SUBSTITUTE(SUBSTITUTE(SUBSTITUTE(SUBSTITUTE(LOWER(テーブル1[[#This Row],[Name]])," ","-"),".","-"),"&","-"),"_","-"),"・","-"),"=","-"),"--","-"),"--","-") -> acetate | C4: アセテート | D4: あせてーと | E4: Acetate | F4: https://cloudcatch1224.wixsite.com/godsfoot | G4: #神様の足元 | H4: 男性 | I4: 人間|機械 | J4: 機械整備士 | L4: 角(ツノ)|羽|尻尾 | M4: 〇 / 必要 | N4: 済 | O4: =テーブル1[[#This Row],[リンク]]&テーブル1[[#This Row],[描画状況]] -> https://cloudcatch1224.wixsite.com/godsfoot済 | P4: =1-(COUNTIF(O:O,_xlfn.TEXTJOIN(",",TRUE,テーブル1[[#This Row],[リンク]],テーブル1[[#This Row],[描画状況]]))/COUNTIF(F:F,テーブル1[[#This Row],[リンク]])) -> 1 | Q4: =IFERROR(IF(テーブル1[[#This Row],[描画状況]]="",RAND()+(テーブル1[[#This Row],[列2]]*100),""),RAND()) | R4: 済 | S4: =IF(AND(テーブル1[[#This Row],[描画状況]]="済",テーブル1[[#This Row],[投稿状況]]=""),RAND(),"") | T4: ="|&image("&テーブル1[[#This Row],[画像]]&".png,width=100,height=100)" -> |&image(acetate.png,width=100,height=100) | U4: ="|MIDDLE:​"&テーブル1[[#This Row],[名前]] -> |MIDDLE:​アセテート | V4: ="|MIDDLE:​"&テーブル1[[#This Row],[なまえ]] -> |MIDDLE:​あせてーと | W4: ="|MIDDLE:​"&テーブル1[[#This Row],[Name]] -> |MIDDLE:​Acetate | X4: ="|MIDDLE:​&link(配布所はこちら){​"&テーブル1[[#This Row],[リンク]]&"}|" -> |MIDDLE:​&link(配布所はこちら){​https://cloudcatch1224.wixsite.com/godsfoot}|
A5: 4 | B5: =SUBSTITUTE(SUBSTITUTE(SUBSTITUTE(SUBSTITUTE(SUBSTITUTE(SUBSTITUTE(SUBSTITUTE(SUBSTITUTE(LOWER(テーブル1[[#This Row],[Name]])," ","-"),".","-"),"&","-"),"_","-"),"・","-"),"=","-"),"--","-"),"--","-") -> adachi-rei | C5: 足立レイ | D5: あだち れい | E5: Adachi Rei | F5: https://mechanicalgirl.jp | G5: #足立レイ | H5: 女性 | I5: 機械 | K5: イヤーユニット | N5: 済 | O5: =テーブル1[[#This Row],[リンク]]&テーブル1[[#This Row],[描画状況]] -> https://mechanicalgirl.jp済 | P5: =1-(COUNTIF(O:O,_xlfn.TEXTJOIN(",",TRUE,テーブル1[[#This Row],[リンク]],テーブル1[[#This Row],[描画状況]]))/COUNTIF(F:F,テーブル1[[#This Row],[リンク]])) -> 1 | Q5: =IFERROR(IF(テーブル1[[#This Row],[描画状況]]="",RAND()+(テーブル1[[#This Row],[列2]]*100),""),RAND()) | R5: 済 | S5: =IF(AND(テーブル1[[#This Row],[描画状況]]="済",テーブル1[[#This Row],[投稿状況]]=""),RAND(),"") | T5: ="|&image("&テーブル1[[#This Row],[画像]]&".png,width=100,height=100)" -> |&image(adachi-rei.png,width=100,height=100) | U5: ="|MIDDLE:​"&テーブル1[[#This Row],[名前]] -> |MIDDLE:​足立レイ | V5: ="|MIDDLE:​"&テーブル1[[#This Row],[なまえ]] -> |MIDDLE:​あだち れい | W5: ="|MIDDLE:​"&テーブル1[[#This Row],[Name]] -> |MIDDLE:​Adachi Rei | X5: ="|MIDDLE:​&link(配布所はこちら){​"&テーブル1[[#This Row],[リンク]]&"}|" -> |MIDDLE:​&link(配布所はこちら){​https://mechanicalgirl.jp}|
A6: 5 | B6: =SUBSTITUTE(SUBSTITUTE(SUBSTITUTE(SUBSTITUTE(SUBSTITUTE(SUBSTITUTE(SUBSTITUTE(SUBSTITUTE(LOWER(テーブル1[[#This Row],[Name]])," ","-"),".","-"),"&","-"),"_","-"),"・","-"),"=","-"),"--","-"),"--","-") -> atorine-hiwa | C6: 花鶏音ひわ | D6: あとりね ひわ | E6: Atorine Hiwa | F6: https://torinosu-hikikomori.jimdofree.com | G6: #ひわわーアラート | H6: 女性 | I6: 鳥 | K6: マスク | L6: 羽 | N6: 済 | O6: =テーブル1[[#This Row],[リンク]]&テーブル1[[#This Row],[描画状況]] -> https://torinosu-hikikomori.jimdofree.com済 | P6: =1-(COUNTIF(O:O,_xlfn.TEXTJOIN(",",TRUE,テーブル1[[#This Row],[リンク]],テーブル1[[#This Row],[描画状況]]))/COUNTIF(F:F,テーブル1[[#This Row],[リンク]])) -> 1 | Q6: =IFERROR(IF(テーブル1[[#This Row],[描画状況]]="",RAND()+(テーブル1[[#This Row],[列2]]*100),""),RAND()) | R6: 済 | S6: =IF(AND(テーブル1[[#This Row],[描画状況]]="済",テーブル1[[#This Row],[投稿状況]]=""),RAND(),"") | T6: ="|&image("&テーブル1[[#This Row],[画像]]&".png,width=100,height=100)" -> |&image(atorine-hiwa.png,width=100,height=100) | U6: ="|MIDDLE:​"&テーブル1[[#This Row],[名前]] -> |MIDDLE:​花鶏音ひわ | V6: ="|MIDDLE:​"&テーブル1[[#This Row],[なまえ]] -> |MIDDLE:​あとりね ひわ | W6: ="|MIDDLE:​"&テーブル1[[#This Row],[Name]] -> |MIDDLE:​Atorine Hiwa | X6: ="|MIDDLE:​&link(配布所はこちら){​"&テーブル1[[#This Row],[リンク]]&"}|" -> |MIDDLE:​&link(配布所はこちら){​https://torinosu-hikikomori.jimdofree.com}|
A7: 6 | B7: =SUBSTITUTE(SUBSTITUTE(SUBSTITUTE(SUBSTITUTE(SUBSTITUTE(SUBSTITUTE(SUBSTITUTE(SUBSTITUTE(LOWER(テーブル1[[#This Row],[Name]])," ","-"),".","-"),"&","-"),"_","-"),"・","-"),"=","-"),"--","-"),"--","-") -> adol | C7: Adol | D7: あどる | E7: Adol | F7: https://kuroi9603.wixsite.com/delu-lab-south | G7: #でるらぼ | H7: 女性 | I7: 人間 | N7: 済 | O7: =テーブル1[[#This Row],[リンク]]&テーブル1[[#This Row],[描画状況]] -> https://kuroi9603.wixsite.com/delu-lab-south済 | P7: =1-(COUNTIF(O:O,_xlfn.TEXTJOIN(",",TRUE,テーブル1[[#This Row],[リンク]],テーブル1[[#This Row],[描画状況]]))/COUNTIF(F:F,テーブル1[[#This Row],[リンク]])) -> 1 | Q7: =IFERROR(IF(テーブル1[[#This Row],[描画状況]]="",RAND()+(テーブル1[[#This Row],[列2]]*100),""),RAND()) | R7: 済 | S7: =IF(AND(テーブル1[[#This Row],[描画状況]]="済",テーブル1[[#This Row],[投稿状況]]=""),RAND(),"") | T7: ="|&image("&テーブル1[[#This Row],[画像]]&".png,width=100,height=100)" -> |&image(adol.png,width=100,height=100) | U7: ="|MIDDLE:​"&テーブル1[[#This Row],[名前]] -> |MIDDLE:​Adol | V7: ="|MIDDLE:​"&テーブル1[[#This Row],[なまえ]] -> |MIDDLE:​あどる | W7: ="|MIDDLE:​"&テーブル1[[#This Row],[Name]] -> |MIDDLE:​Adol | X7: ="|MIDDLE:​&link(配布所はこちら){​"&テーブル1[[#This Row],[リンク]]&"}|" -> |MIDDLE:​&link(配布所はこちら){​https://kuroi9603.wixsite.com/delu-lab-south}|
A8: 7 | B8: =SUBSTITUTE(SUBSTITUTE(SUBSTITUTE(SUBSTITUTE(SUBSTITUTE(SUBSTITUTE(SUBSTITUTE(SUBSTITUTE(LOWER(テーブル1[[#This Row],[Name]])," ","-"),".","-"),"&","-"),"_","-"),"・","-"),"=","-"),"--","-"),"--","-") -> anima-raituhatto | C8: アニマ・ライツハット | D8: あにま らいつはっと | E8: Anima Raituhatto | F8: https://seirentoybox.jimdofree.com | G8: #セレソー作 | H8: 無性別 | I8: バーチャル | K8: 眼鏡 | L8: オッドアイ | M8: 〇 / 不要 | N8: 済 | O8: =テーブル1[[#This Row],[リンク]]&テーブル1[[#This Row],[描画状況]] -> https://seirentoybox.jimdofree.com済 | P8: =1-(COUNTIF(O:O,_xlfn.TEXTJOIN(",",TRUE,テーブル1[[#This Row],[リンク]],テーブル1[[#This Row],[描画状況]]))/COUNTIF(F:F,テーブル1[[#This Row],[リンク]])) -> 1 | Q8: =IFERROR(IF(テーブル1[[#This Row],[描画状況]]="",RAND()+(テーブル1[[#This Row],[列2]]*100),""),RAND()) | R8: 済 | S8: =IF(AND(テーブル1[[#This Row],[描画状況]]="済",テーブル1[[#This Row],[投稿状況]]=""),RAND(),"") | T8: ="|&image("&テーブル1[[#This Row],[画像]]&".png,width=100,height=100)" -> |&image(anima-raituhatto.png,width=100,height=100) | U8: ="|MIDDLE:​"&テーブル1[[#This Row],[名前]] -> |MIDDLE:​アニマ・ライツハット | V8: ="|MIDDLE:​"&テーブル1[[#This Row],[なまえ]] -> |MIDDLE:​あにま らいつはっと | W8: ="|MIDDLE:​"&テーブル1[[#This Row],[Name]] -> |MIDDLE:​Anima Raituhatto | X8: ="|MIDDLE:​&link(配布所はこちら){​"&テーブル1[[#This Row],[リンク]]&"}|" -> |MIDDLE:​&link(配布所はこちら){​https://seirentoybox.jimdofree.com}|
A9: 8 | B9: =SUBSTITUTE(SUBSTITUTE(SUBSTITUTE(SUBSTITUTE(SUBSTITUTE(SUBSTITUTE(SUBSTITUTE(SUBSTITUTE(LOWER(テーブル1[[#This Row],[Name]])," ","-"),".","-"),"&","-"),"_","-"),"・","-"),"=","-"),"--","-"),"--","-") -> amatsuka-fuawa | C9: 天使ふあわ | D9: あまつか ふあわ | E9: Amatsuka Fuawa | F9: https://utausuzuminnya.jimdofree.com | G9: #ふあわあーと | H9: 女性 | I9: 人間|天使 | L9: 羽 | N9: 済 | O9: =テーブル1[[#This Row],[リンク]]&テーブル1[[#This Row],[描画状況]] -> https://utausuzuminnya.jimdofree.com済 | P9: =1-(COUNTIF(O:O,_xlfn.TEXTJOIN(",",TRUE,テーブル1[[#This Row],[リンク]],テーブル1[[#This Row],[描画状況]]))/COUNTIF(F:F,テーブル1[[#This Row],[リンク]])) -> 1 | Q9: =IFERROR(IF(テーブル1[[#This Row],[描画状況]]="",RAND()+(テーブル1[[#This Row],[列2]]*100),""),RAND()) | R9: 済 | S9: =IF(AND(テーブル1[[#This Row],[描画状況]]="済",テーブル1[[#This Row],[投稿状況]]=""),RAND(),"") | T9: ="|&image("&テーブル1[[#This Row],[画像]]&".png,width=100,height=100)" -> |&image(amatsuka-fuawa.png,width=100,height=100) | U9: ="|MIDDLE:​"&テーブル1[[#This Row],[名前]] -> |MIDDLE:​天使ふあわ | V9: ="|MIDDLE:​"&テーブル1[[#This Row],[なまえ]] -> |MIDDLE:​あまつか ふあわ | W9: ="|MIDDLE:​"&テーブル1[[#This Row],[Name]] -> |MIDDLE:​Amatsuka Fuawa | X9: ="|MIDDLE:​&link(配布所はこちら){​"&テーブル1[[#This Row],[リンク]]&"}|" -> |MIDDLE:​&link(配布所はこちら){​https://utausuzuminnya.jimdofree.com}|
A10: 9 | B10: =SUBSTITUTE(SUBSTITUTE(SUBSTITUTE(SUBSTITUTE(SUBSTITUTE(SUBSTITUTE(SUBSTITUTE(SUBSTITUTE(LOWER(テーブル1[[#This Row],[Name]])," ","-"),".","-"),"&","-"),"_","-"),"・","-"),"=","-"),"--","-"),"--","-") -> amane-usagi | C10: 雨音うさぎ | D10: あまね うさぎ | E10: Amane Usagi | F10: https://sabaneko.amebaownd.com | G10: #雨音うさぎ | H10: 女性 | I10: 人間 | K10: 動物 | L10: 渦巻き目、アホ毛 | N10: 済 | O10: =テーブル1[[#This Row],[リンク]]&テーブル1[[#This Row],[描画状況]] -> https://sabaneko.amebaownd.com済 | P10: =1-(COUNTIF(O:O,_xlfn.TEXTJOIN(",",TRUE,テーブル1[[#This Row],[リンク]],テーブル1[[#This Row],[描画状況]]))/COUNTIF(F:F,テーブル1[[#This Row],[リンク]])) -> 1 | Q10: =IFERROR(IF(テーブル1[[#This Row],[描画状況]]="",RAND()+(テーブル1[[#This Row],[列2]]*100),""),RAND()) | R10: 済 | S10: =IF(AND(テーブル1[[#This Row],[描画状況]]="済",テーブル1[[#This Row],[投稿状況]]=""),RAND(),"") | T10: ="|&image("&テーブル1[[#This Row],[画像]]&".png,width=100,height=100)" -> |&image(amane-usagi.png,width=100,height=100) | U10: ="|MIDDLE:​"&テーブル1[[#This Row],[名前]] -> |MIDDLE:​雨音うさぎ | V10: ="|MIDDLE:​"&テーブル1[[#This Row],[なまえ]] -> |MIDDLE:​あまね うさぎ | W10: ="|MIDDLE:​"&テーブル1[[#This Row],[Name]] -> |MIDDLE:​Amane Usagi | X10: ="|MIDDLE:​&link(配布所はこちら){​"&テーブル1[[#This Row],[リンク]]&"}|" -> |MIDDLE:​&link(配布所はこちら){​https://sabaneko.amebaownd.com}|
A11: 10 | B11: =SUBSTITUTE(SUBSTITUTE(SUBSTITUTE(SUBSTITUTE(SUBSTITUTE(SUBSTITUTE(SUBSTITUTE(SUBSTITUTE(LOWER(テーブル1[[#This Row],[Name]])," ","-"),".","-"),"&","-"),"_","-"),"・","-"),"=","-"),"--","-"),"--","-") -> ayashiki | C11: 怪子奇 | D11: あやしき | E11: Ayashiki | F11: https://inudanuki.wixsite.com/gottaniomotyabako | G11: #煮バコ | H11: 男性 | I11: 故人|幽霊 | L11: ツートンカラー | N11: 済 | O11: =テーブル1[[#This Row],[リンク]]&テーブル1[[#This Row],[描画状況]] -> https://inudanuki.wixsite.com/gottaniomotyabako済 | P11: =1-(COUNTIF(O:O,_xlfn.TEXTJOIN(",",TRUE,テーブル1[[#This Row],[リンク]],テーブル1[[#This Row],[描画状況]]))/COUNTIF(F:F,テーブル1[[#This Row],[リンク]])) -> 1 | Q11: =IFERROR(IF(テーブル1[[#This Row],[描画状況]]="",RAND()+(テーブル1[[#This Row],[列2]]*100),""),RAND()) | R11: 済 | S11: =IF(AND(テーブル1[[#This Row],[描画状況]]="済",テーブル1[[#This Row],[投稿状況]]=""),RAND(),"") | T11: ="|&image("&テーブル1[[#This Row],[画像]]&".png,width=100,height=100)" -> |&image(ayashiki.png,width=100,height=100) | U11: ="|MIDDLE:​"&テーブル1[[#This Row],[名前]] -> |MIDDLE:​怪子奇 | V11: ="|MIDDLE:​"&テーブル1[[#This Row],[なまえ]] -> |MIDDLE:​あやしき | W11: ="|MIDDLE:​"&テーブル1[[#This Row],[Name]] -> |MIDDLE:​Ayashiki | X11: ="|MIDDLE:​&link(配布所はこちら){​"&テーブル1[[#This Row],[リンク]]&"}|" -> |MIDDLE:​&link(配布所はこちら){​https://inudanuki.wixsite.com/gottaniomotyabako}|
A12: 11 | B12: =SUBSTITUTE(SUBSTITUTE(SUBSTITUTE(SUBSTITUTE(SUBSTITUTE(SUBSTITUTE(SUBSTITUTE(SUBSTITUTE(LOWER(テーブル1[[#This Row],[Name]])," ","-"),".","-"),"&","-"),"_","-"),"・","-"),"=","-"),"--","-"),"--","-") -> utakata-tsumugi | C12: 泡沫紬 | D12: うたかた つむぎ | E12: Utakata Tsumugi | F12: https://tourist100f.wixsite.com/utakata-kosyo | G12: #泡沫古書店 | H12: 女性 | I12: 人間 | J12: 書店員 | K12: 眼鏡 | N12: 済 | O12: =テーブル1[[#This Row],[リンク]]&テーブル1[[#This Row],[描画状況]] -> https://tourist100f.wixsite.com/utakata-kosyo済 | P12: =1-(COUNTIF(O:O,_xlfn.TEXTJOIN(",",TRUE,テーブル1[[#This Row],[リンク]],テーブル1[[#This Row],[描画状況]]))/COUNTIF(F:F,テーブル1[[#This Row],[リンク]])) -> 1 | Q12: =IFERROR(IF(テーブル1[[#This Row],[描画状況]]="",RAND()+(テーブル1[[#This Row],[列2]]*100),""),RAND()) | R12: 済 | S12: =IF(AND(テーブル1[[#This Row],[描画状況]]="済",テーブル1[[#This Row],[投稿状況]]=""),RAND(),"") | T12: ="|&image("&テーブル1[[#This Row],[画像]]&".png,width=100,height=100)" -> |&image(utakata-tsumugi.png,width=100,height=100) | U12: ="|MIDDLE:​"&テーブル1[[#This Row],[名前]] -> |MIDDLE:​泡沫紬 | V12: ="|MIDDLE:​"&テーブル1[[#This Row],[なまえ]] -> |MIDDLE:​うたかた つむぎ | W12: ="|MIDDLE:​"&テーブル1[[#This Row],[Name]] -> |MIDDLE:​Utakata Tsumugi | X12: ="|MIDDLE:​&link(配布所はこちら){​"&テーブル1[[#This Row],[リンク]]&"}|" -> |MIDDLE:​&link(配布所はこちら){​https://tourist100f.wixsite.com/utakata-kosyo}|
A13: 12 | B13: =SUBSTITUTE(SUBSTITUTE(SUBSTITUTE(SUBSTITUTE(SUBSTITUTE(SUBSTITUTE(SUBSTITUTE(SUBSTITUTE(LOWER(テーブル1[[#This Row],[Name]])," ","-"),".","-"),"&","-"),"_","-"),"・","-"),"=","-"),"--","-"),"--","-") -> utane-uta(defoko) | C13: 唄音ウタ(デフォ子) | D13: うたね うた(でふぉこ) | E13: Utane Uta(Defoko) | F13: - | G13: #デフォ子 | H13: 女性 | K13: ヘッドセット | M13: 〇 / 不要 | N13: 済 | O13: =テーブル1[[#This Row],[リンク]]&テーブル1[[#This Row],[描画状況]] -> -済 | P13: =1-(COUNTIF(O:O,_xlfn.TEXTJOIN(",",TRUE,テーブル1[[#This Row],[リンク]],テーブル1[[#This Row],[描画状況]]))/COUNTIF(F:F,テーブル1[[#This Row],[リンク]])) -> 1 | Q13: =IFERROR(IF(テーブル1[[#This Row],[描画状況]]="",RAND()+(テーブル1[[#This Row],[列2]]*100),""),RAND()) | R13: 済 | S13: =IF(AND(テーブル1[[#This Row],[描画状況]]="済",テーブル1[[#This Row],[投稿状況]]=""),RAND(),"") | T13: ="|&image("&テーブル1[[#This Row],[画像]]&".png,width=100,height=100)" -> |&image(utane-uta(defoko).png,width=100,height=100) | U13: ="|MIDDLE:​"&テーブル1[[#This Row],[名前]] -> |MIDDLE:​唄音ウタ(デフォ子) | V13: ="|MIDDLE:​"&テーブル1[[#This Row],[なまえ]] -> |MIDDLE:​うたね うた(でふぉこ) | W13: ="|MIDDLE:​"&テーブル1[[#This Row],[Name]] -> |MIDDLE:​Utane Uta(Defoko) | X13: ="|MIDDLE:​&link(配布所はこちら){​"&テーブル1[[#This Row],[リンク]]&"}|" -> |MIDDLE:​&link(配布所はこちら){​-}|
A14: 13 | B14: =SUBSTITUTE(SUBSTITUTE(SUBSTITUTE(SUBSTITUTE(SUBSTITUTE(SUBSTITUTE(SUBSTITUTE(SUBSTITUTE(LOWER(テーブル1[[#This Row],[Name]])," ","-"),".","-"),"&","-"),"_","-"),"・","-"),"=","-"),"--","-"),"--","-") -> uruya | C14: URUYA | D14: うるや | E14: Uruya | F14: https://sites.google.com/view/tokakobo | G14: #透歌工房 | H14: 女性 | I14: フィギュア | L14: 尻尾 | N14: 済 | O14: =テーブル1[[#This Row],[リンク]]&テーブル1[[#This Row],[描画状況]] -> https://sites.google.com/view/tokakobo済 | P14: =1-(COUNTIF(O:O,_xlfn.TEXTJOIN(",",TRUE,テーブル1[[#This Row],[リンク]],テーブル1[[#This Row],[描画状況]]))/COUNTIF(F:F,テーブル1[[#This Row],[リンク]])) -> 1 | Q14: =IFERROR(IF(テーブル1[[#This Row],[描画状況]]="",RAND()+(テーブル1[[#This Row],[列2]]*100),""),RAND()) | R14: 済 | S14: =IF(AND(テーブル1[[#This Row],[描画状況]]="済",テーブル1[[#This Row],[投稿状況]]=""),RAND(),"") | T14: ="|&image("&テーブル1[[#This Row],[画像]]&".png,width=100,height=100)" -> |&image(uruya.png,width=100,height=100) | U14: ="|MIDDLE:​"&テーブル1[[#This Row],[名前]] -> |MIDDLE:​URUYA | V14: ="|MIDDLE:​"&テーブル1[[#This Row],[なまえ]] -> |MIDDLE:​うるや | W14: ="|MIDDLE:​"&テーブル1[[#This Row],[Name]] -> |MIDDLE:​Uruya | X14: ="|MIDDLE:​&link(配布所はこちら){​"&テーブル1[[#This Row],[リンク]]&"}|" -> |MIDDLE:​&link(配布所はこちら){​https://sites.google.com/view/tokakobo}|
A15: 14 | B15: =SUBSTITUTE(SUBSTITUTE(SUBSTITUTE(SUBSTITUTE(SUBSTITUTE(SUBSTITUTE(SUBSTITUTE(SUBSTITUTE(LOWER(テーブル1[[#This Row],[Name]])," ","-"),".","-"),"&","-"),"_","-"),"・","-"),"=","-"),"--","-"),"--","-") -> oroku-korokuro | C15: オーロク&小六郎 | D15: おーろく & ころくろう | E15: Oroku & korokuro | F15: https://torinosu-hikikomori.jimdofree.com | G15: #ひわわーアラート | H15: 男性 | I15: 人間|人形 | J15: 腹話術師 | L15: 両目隠れ | N15: 済 | O15: =テーブル1[[#This Row],[リンク]]&テーブル1[[#This Row],[描画状況]] -> https://torinosu-hikikomori.jimdofree.com済 | P15: =1-(COUNTIF(O:O,_xlfn.TEXTJOIN(",",TRUE,テーブル1[[#This Row],[リンク]],テーブル1[[#This Row],[描画状況]]))/COUNTIF(F:F,テーブル1[[#This Row],[リンク]])) -> 1 | Q15: =IFERROR(IF(テーブル1[[#This Row],[描画状況]]="",RAND()+(テーブル1[[#This Row],[列2]]*100),""),RAND()) | R15: 済 | S15: =IF(AND(テーブル1[[#This Row],[描画状況]]="済",テーブル1[[#This Row],[投稿状況]]=""),RAND(),"") | T15: ="|&image("&テーブル1[[#This Row],[画像]]&".png,width=100,height=100)" -> |&image(oroku-korokuro.png,width=100,height=100) | U15: ="|MIDDLE:​"&テーブル1[[#This Row],[名前]] -> |MIDDLE:​オーロク&小六郎 | V15: ="|MIDDLE:​"&テーブル1[[#This Row],[なまえ]] -> |MIDDLE:​おーろく & ころくろう | W15: ="|MIDDLE:​"&テーブル1[[#This Row],[Name]] -> |MIDDLE:​Oroku & korokuro | X15: ="|MIDDLE:​&link(配布所はこちら){​"&テーブル1[[#This Row],[リンク]]&"}|" -> |MIDDLE:​&link(配布所はこちら){​https://torinosu-hikikomori.jimdofree.com}|
A16: 15 | B16: =SUBSTITUTE(SUBSTITUTE(SUBSTITUTE(SUBSTITUTE(SUBSTITUTE(SUBSTITUTE(SUBSTITUTE(SUBSTITUTE(LOWER(テーブル1[[#This Row],[Name]])," ","-"),".","-"),"&","-"),"_","-"),"・","-"),"=","-"),"--","-"),"--","-") -> ohoshi | C16: お星 | D16: おほし | E16: Ohoshi | F16: https://ichistart.wixsite.com/official/respiaker | G16: #ichistar | H16: 女性 | I16: 天使 | J16: クリエイター | L16: メッシュ | M16: 〇 / 不要 | N16: 済 | O16: =テーブル1[[#This Row],[リンク]]&テーブル1[[#This Row],[描画状況]] -> https://ichistart.wixsite.com/official/respiaker済 | P16: =1-(COUNTIF(O:O,_xlfn.TEXTJOIN(",",TRUE,テーブル1[[#This Row],[リンク]],テーブル1[[#This Row],[描画状況]]))/COUNTIF(F:F,テーブル1[[#This Row],[リンク]])) -> 1 | Q16: =IFERROR(IF(テーブル1[[#This Row],[描画状況]]="",RAND()+(テーブル1[[#This Row],[列2]]*100),""),RAND()) | R16: 済 | S16: =IF(AND(テーブル1[[#This Row],[描画状況]]="済",テーブル1[[#This Row],[投稿状況]]=""),RAND(),"") | T16: ="|&image("&テーブル1[[#This Row],[画像]]&".png,width=100,height=100)" -> |&image(ohoshi.png,width=100,height=100) | U16: ="|MIDDLE:​"&テーブル1[[#This Row],[名前]] -> |MIDDLE:​お星 | V16: ="|MIDDLE:​"&テーブル1[[#This Row],[なまえ]] -> |MIDDLE:​おほし | W16: ="|MIDDLE:​"&テーブル1[[#This Row],[Name]] -> |MIDDLE:​Ohoshi | X16: ="|MIDDLE:​&link(配布所はこちら){​"&テーブル1[[#This Row],[リンク]]&"}|" -> |MIDDLE:​&link(配布所はこちら){​https://ichistart.wixsite.com/official/respiaker}|
A17: 16 | B17: =SUBSTITUTE(SUBSTITUTE(SUBSTITUTE(SUBSTITUTE(SUBSTITUTE(SUBSTITUTE(SUBSTITUTE(SUBSTITUTE(LOWER(テーブル1[[#This Row],[Name]])," ","-"),".","-"),"&","-"),"_","-"),"・","-"),"=","-"),"--","-"),"--","-") -> kagiai-aya | C17: 鍵合アヤ | D17: かぎあい あや | E17: Kagiai Aya | F17: https://vividseekers.utau.sorairomarch.com | G17: #そらいろマーチ | H17: 無性別 | I17: バーチャル | M17: 〇 / 不要 | N17: 済 | O17: =テーブル1[[#This Row],[リンク]]&テーブル1[[#This Row],[描画状況]] -> https://vividseekers.utau.sorairomarch.com済 | P17: =1-(COUNTIF(O:O,_xlfn.TEXTJOIN(",",TRUE,テーブル1[[#This Row],[リンク]],テーブル1[[#This Row],[描画状況]]))/COUNTIF(F:F,テーブル1[[#This Row],[リンク]])) -> 1 | Q17: =IFERROR(IF(テーブル1[[#This Row],[描画状況]]="",RAND()+(テーブル1[[#This Row],[列2]]*100),""),RAND()) | R17: 済 | S17: =IF(AND(テーブル1[[#This Row],[描画状況]]="済",テーブル1[[#This Row],[投稿状況]]=""),RAND(),"") | T17: ="|&image("&テーブル1[[#This Row],[画像]]&".png,width=100,height=100)" -> |&image(kagiai-aya.png,width=100,height=100) | U17: ="|MIDDLE:​"&テーブル1[[#This Row],[名前]] -> |MIDDLE:​鍵合アヤ | V17: ="|MIDDLE:​"&テーブル1[[#This Row],[なまえ]] -> |MIDDLE:​かぎあい あや | W17: ="|MIDDLE:​"&テーブル1[[#This Row],[Name]] -> |MIDDLE:​Kagiai Aya | X17: ="|MIDDLE:​&link(配布所はこちら){​"&テーブル1[[#This Row],[リンク]]&"}|" -> |MIDDLE:​&link(配布所はこちら){​https://vividseekers.utau.sorairomarch.com}|
A18: 17 | B18: =SUBSTITUTE(SUBSTITUTE(SUBSTITUTE(SUBSTITUTE(SUBSTITUTE(SUBSTITUTE(SUBSTITUTE(SUBSTITUTE(LOWER(テーブル1[[#This Row],[Name]])," ","-"),".","-"),"&","-"),"_","-"),"・","-"),"=","-"),"--","-"),"--","-") -> kagiai-suzu | C18: 鍵合スズ | D18: かぎあい すず | E18: Kagiai Suzu | F18: https://vividseekers.utau.sorairomarch.com | G18: #そらいろマーチ | H18: 無性別 | I18: バーチャル | J18: ヤンキー | M18: 〇 / 不要 | N18: 済 | O18: =テーブル1[[#This Row],[リンク]]&テーブル1[[#This Row],[描画状況]] -> https://vividseekers.utau.sorairomarch.com済 | P18: =1-(COUNTIF(O:O,_xlfn.TEXTJOIN(",",TRUE,テーブル1[[#This Row],[リンク]],テーブル1[[#This Row],[描画状況]]))/COUNTIF(F:F,テーブル1[[#This Row],[リンク]])) -> 1 | Q18: =IFERROR(IF(テーブル1[[#This Row],[描画状況]]="",RAND()+(テーブル1[[#This Row],[列2]]*100),""),RAND()) | R18: 済 | S18: =IF(AND(テーブル1[[#This Row],[描画状況]]="済",テーブル1[[#This Row],[投稿状況]]=""),RAND(),"") | T18: ="|&image("&テーブル1[[#This Row],[画像]]&".png,width=100,height=100)" -> |&image(kagiai-suzu.png,width=100,height=100) | U18: ="|MIDDLE:​"&テーブル1[[#This Row],[名前]] -> |MIDDLE:​鍵合スズ | V18: ="|MIDDLE:​"&テーブル1[[#This Row],[なまえ]] -> |MIDDLE:​かぎあい すず | W18: ="|MIDDLE:​"&テーブル1[[#This Row],[Name]] -> |MIDDLE:​Kagiai Suzu | X18: ="|MIDDLE:​&link(配布所はこちら){​"&テーブル1[[#This Row],[リンク]]&"}|" -> |MIDDLE:​&link(配布所はこちら){​https://vividseekers.utau.sorairomarch.com}|
A19: 18 | B19: =SUBSTITUTE(SUBSTITUTE(SUBSTITUTE(SUBSTITUTE(SUBSTITUTE(SUBSTITUTE(SUBSTITUTE(SUBSTITUTE(LOWER(テーブル1[[#This Row],[Name]])," ","-"),".","-"),"&","-"),"_","-"),"・","-"),"=","-"),"--","-"),"--","-") -> kakune-shanonn | C19: ​拡音シャノン | D19: かくね しゃのん | E19: Kakune Shanonn | F19: https://ameutaulii.wixsite.com/telepathycapsule | G19: #拡音シャノン | H19: 女性 | K19: ヘアピン|拡声器 | M19: 〇 / 必要 | N19: 済 | O19: =テーブル1[[#This Row],[リンク]]&テーブル1[[#This Row],[描画状況]] -> https://ameutaulii.wixsite.com/telepathycapsule済 | P19: =1-(COUNTIF(O:O,_xlfn.TEXTJOIN(",",TRUE,テーブル1[[#This Row],[リンク]],テーブル1[[#This Row],[描画状況]]))/COUNTIF(F:F,テーブル1[[#This Row],[リンク]])) -> 1 | Q19: =IFERROR(IF(テーブル1[[#This Row],[描画状況]]="",RAND()+(テーブル1[[#This Row],[列2]]*100),""),RAND()) | R19: 済 | S19: =IF(AND(テーブル1[[#This Row],[描画状況]]="済",テーブル1[[#This Row],[投稿状況]]=""),RAND(),"") | T19: ="|&image("&テーブル1[[#This Row],[画像]]&".png,width=100,height=100)" -> |&image(kakune-shanonn.png,width=100,height=100) | U19: ="|MIDDLE:​"&テーブル1[[#This Row],[名前]] -> |MIDDLE:​​拡音シャノン | V19: ="|MIDDLE:​"&テーブル1[[#This Row],[なまえ]] -> |MIDDLE:​かくね しゃのん | W19: ="|MIDDLE:​"&テーブル1[[#This Row],[Name]] -> |MIDDLE:​Kakune Shanonn | X19: ="|MIDDLE:​&link(配布所はこちら){​"&テーブル1[[#This Row],[リンク]]&"}|" -> |MIDDLE:​&link(配布所はこちら){​https://ameutaulii.wixsite.com/telepathycapsule}|
A20: 19 | B20: =SUBSTITUTE(SUBSTITUTE(SUBSTITUTE(SUBSTITUTE(SUBSTITUTE(SUBSTITUTE(SUBSTITUTE(SUBSTITUTE(LOWER(テーブル1[[#This Row],[Name]])," ","-"),".","-"),"&","-"),"_","-"),"・","-"),"=","-"),"--","-"),"--","-") -> kasane-teddo | C20: 重音テッド | D20: かさね てっど | E20: Kasane Teddo | F20: https://kasaneteto.jp | G20: #重音テッド | H20: キメラ | I20: バーチャル | K20: イヤーユニット | N20: 済 | O20: =テーブル1[[#This Row],[リンク]]&テーブル1[[#This Row],[描画状況]] -> https://kasaneteto.jp済 | P20: =1-(COUNTIF(O:O,_xlfn.TEXTJOIN(",",TRUE,テーブル1[[#This Row],[リンク]],テーブル1[[#This Row],[描画状況]]))/COUNTIF(F:F,テーブル1[[#This Row],[リンク]])) -> 1 | Q20: =IFERROR(IF(テーブル1[[#This Row],[描画状況]]="",RAND()+(テーブル1[[#This Row],[列2]]*100),""),RAND()) | R20: 済 | S20: =IF(AND(テーブル1[[#This Row],[描画状況]]="済",テーブル1[[#This Row],[投稿状況]]=""),RAND(),"") | T20: ="|&image("&テーブル1[[#This Row],[画像]]&".png,width=100,height=100)" -> |&image(kasane-teddo.png,width=100,height=100) | U20: ="|MIDDLE:​"&テーブル1[[#This Row],[名前]] -> |MIDDLE:​重音テッド | V20: ="|MIDDLE:​"&テーブル1[[#This Row],[なまえ]] -> |MIDDLE:​かさね てっど | W20: ="|MIDDLE:​"&テーブル1[[#This Row],[Name]] -> |MIDDLE:​Kasane Teddo | X20: ="|MIDDLE:​&link(配布所はこちら){​"&テーブル1[[#This Row],[リンク]]&"}|" -> |MIDDLE:​&link(配布所はこちら){​https://kasaneteto.jp}|
A21: 20 | B21: =SUBSTITUTE(SUBSTITUTE(SUBSTITUTE(SUBSTITUTE(SUBSTITUTE(SUBSTITUTE(SUBSTITUTE(SUBSTITUTE(LOWER(テーブル1[[#This Row],[Name]])," ","-"),".","-"),"&","-"),"_","-"),"・","-"),"=","-"),"--","-"),"--","-") -> kasane-teto | C21: 重音テト | D21: かさね てと | E21: Kasane Teto | F21: https://kasaneteto.jp | G21: #重音テト | H21: キメラ | I21: バーチャル | N21: 済 | O21: =テーブル1[[#This Row],[リンク]]&テーブル1[[#This Row],[描画状況]] -> https://kasaneteto.jp済 | P21: =1-(COUNTIF(O:O,_xlfn.TEXTJOIN(",",TRUE,テーブル1[[#This Row],[リンク]],テーブル1[[#This Row],[描画状況]]))/COUNTIF(F:F,テーブル1[[#This Row],[リンク]])) -> 1 | Q21: =IFERROR(IF(テーブル1[[#This Row],[描画状況]]="",RAND()+(テーブル1[[#This Row],[列2]]*100),""),RAND()) | R21: 済 | S21: =IF(AND(テーブル1[[#This Row],[描画状況]]="済",テーブル1[[#This Row],[投稿状況]]=""),RAND(),"") | T21: ="|&image("&テーブル1[[#This Row],[画像]]&".png,width=100,height=100)" -> |&image(kasane-teto.png,width=100,height=100) | U21: ="|MIDDLE:​"&テーブル1[[#This Row],[名前]] -> |MIDDLE:​重音テト | V21: ="|MIDDLE:​"&テーブル1[[#This Row],[なまえ]] -> |MIDDLE:​かさね てと | W21: ="|MIDDLE:​"&テーブル1[[#This Row],[Name]] -> |MIDDLE:​Kasane Teto | X21: ="|MIDDLE:​&link(配布所はこちら){​"&テーブル1[[#This Row],[リンク]]&"}|" -> |MIDDLE:​&link(配布所はこちら){​https://kasaneteto.jp}|
A22: 21 | B22: =SUBSTITUTE(SUBSTITUTE(SUBSTITUTE(SUBSTITUTE(SUBSTITUTE(SUBSTITUTE(SUBSTITUTE(SUBSTITUTE(LOWER(テーブル1[[#This Row],[Name]])," ","-"),".","-"),"&","-"),"_","-"),"・","-"),"=","-"),"--","-"),"--","-") -> kasumi-ua | C22: 化炭ウア | D22: かすみ うあ | E22: Kasumi Ua | F22: https://bowlroll.net/user/980255 | G22: #歌う雨やどり | H22: 女性 | I22: 堕天使 | L22: 両目隠れ|羽 | M22: 〇 / 不要 | N22: 済 | O22: =テーブル1[[#This Row],[リンク]]&テーブル1[[#This Row],[描画状況]] -> https://bowlroll.net/user/980255済 | P22: =1-(COUNTIF(O:O,_xlfn.TEXTJOIN(",",TRUE,テーブル1[[#This Row],[リンク]],テーブル1[[#This Row],[描画状況]]))/COUNTIF(F:F,テーブル1[[#This Row],[リンク]])) -> 1 | Q22: =IFERROR(IF(テーブル1[[#This Row],[描画状況]]="",RAND()+(テーブル1[[#This Row],[列2]]*100),""),RAND()) | R22: 済 | S22: =IF(AND(テーブル1[[#This Row],[描画状況]]="済",テーブル1[[#This Row],[投稿状況]]=""),RAND(),"") | T22: ="|&image("&テーブル1[[#This Row],[画像]]&".png,width=100,height=100)" -> |&image(kasumi-ua.png,width=100,height=100) | U22: ="|MIDDLE:​"&テーブル1[[#This Row],[名前]] -> |MIDDLE:​化炭ウア | V22: ="|MIDDLE:​"&テーブル1[[#This Row],[なまえ]] -> |MIDDLE:​かすみ うあ | W22: ="|MIDDLE:​"&テーブル1[[#This Row],[Name]] -> |MIDDLE:​Kasumi Ua | X22: ="|MIDDLE:​&link(配布所はこちら){​"&テーブル1[[#This Row],[リンク]]&"}|" -> |MIDDLE:​&link(配布所はこちら){​https://bowlroll.net/user/980255}|
A23: 22 | B23: =SUBSTITUTE(SUBSTITUTE(SUBSTITUTE(SUBSTITUTE(SUBSTITUTE(SUBSTITUTE(SUBSTITUTE(SUBSTITUTE(LOWER(テーブル1[[#This Row],[Name]])," ","-"),".","-"),"&","-"),"_","-"),"・","-"),"=","-"),"--","-"),"--","-") -> kazehiki | C23: カゼヒキ | D23: かぜひき | E23: Kazehiki | F23: https://kurukuru2suuzi.wixsite.com/kuzutokaze | G23: #くずかぜ | N23: 済 | O23: =テーブル1[[#This Row],[リンク]]&テーブル1[[#This Row],[描画状況]] -> https://kurukuru2suuzi.wixsite.com/kuzutokaze済 | P23: =1-(COUNTIF(O:O,_xlfn.TEXTJOIN(",",TRUE,テーブル1[[#This Row],[リンク]],テーブル1[[#This Row],[描画状況]]))/COUNTIF(F:F,テーブル1[[#This Row],[リンク]])) -> 1 | Q23: =IFERROR(IF(テーブル1[[#This Row],[描画状況]]="",RAND()+(テーブル1[[#This Row],[列2]]*100),""),RAND()) | R23: 済 | S23: =IF(AND(テーブル1[[#This Row],[描画状況]]="済",テーブル1[[#This Row],[投稿状況]]=""),RAND(),"") | T23: ="|&image("&テーブル1[[#This Row],[画像]]&".png,width=100,height=100)" -> |&image(kazehiki.png,width=100,height=100) | U23: ="|MIDDLE:​"&テーブル1[[#This Row],[名前]] -> |MIDDLE:​カゼヒキ | V23: ="|MIDDLE:​"&テーブル1[[#This Row],[なまえ]] -> |MIDDLE:​かぜひき | W23: ="|MIDDLE:​"&テーブル1[[#This Row],[Name]] -> |MIDDLE:​Kazehiki | X23: ="|MIDDLE:​&link(配布所はこちら){​"&テーブル1[[#This Row],[リンク]]&"}|" -> |MIDDLE:​&link(配布所はこちら){​https://kurukuru2suuzi.wixsite.com/kuzutokaze}|
A24: 23 | B24: =SUBSTITUTE(SUBSTITUTE(SUBSTITUTE(SUBSTITUTE(SUBSTITUTE(SUBSTITUTE(SUBSTITUTE(SUBSTITUTE(LOWER(テーブル1[[#This Row],[Name]])," ","-"),".","-"),"&","-"),"_","-"),"・","-"),"=","-"),"--","-"),"--","-") -> katabami | C24: カタバミ | D24: かたばみ | E24: Katabami | F24: https://seirentoybox.jimdofree.com | G24: #セレソー作 | H24: 不明 | I24: 人間|双子 | K24: 眼鏡 | M24: 〇 / 不要 | N24: 済 | O24: =テーブル1[[#This Row],[リンク]]&テーブル1[[#This Row],[描画状況]] -> https://seirentoybox.jimdofree.com済 | P24: =1-(COUNTIF(O:O,_xlfn.TEXTJOIN(",",TRUE,テーブル1[[#This Row],[リンク]],テーブル1[[#This Row],[描画状況]]))/COUNTIF(F:F,テーブル1[[#This Row],[リンク]])) -> 1 | Q24: =IFERROR(IF(テーブル1[[#This Row],[描画状況]]="",RAND()+(テーブル1[[#This Row],[列2]]*100),""),RAND()) | R24: 済 | S24: =IF(AND(テーブル1[[#This Row],[描画状況]]="済",テーブル1[[#This Row],[投稿状況]]=""),RAND(),"") | T24: ="|&image("&テーブル1[[#This Row],[画像]]&".png,width=100,height=100)" -> |&image(katabami.png,width=100,height=100) | U24: ="|MIDDLE:​"&テーブル1[[#This Row],[名前]] -> |MIDDLE:​カタバミ | V24: ="|MIDDLE:​"&テーブル1[[#This Row],[なまえ]] -> |MIDDLE:​かたばみ | W24: ="|MIDDLE:​"&テーブル1[[#This Row],[Name]] -> |MIDDLE:​Katabami | X24: ="|MIDDLE:​&link(配布所はこちら){​"&テーブル1[[#This Row],[リンク]]&"}|" -> |MIDDLE:​&link(配布所はこちら){​https://seirentoybox.jimdofree.com}|
A25: 24 | B25: =SUBSTITUTE(SUBSTITUTE(SUBSTITUTE(SUBSTITUTE(SUBSTITUTE(SUBSTITUTE(SUBSTITUTE(SUBSTITUTE(LOWER(テーブル1[[#This Row],[Name]])," ","-"),".","-"),"&","-"),"_","-"),"・","-"),"=","-"),"--","-"),"--","-") -> katabanhumei | C25: 型番不明 | D25: かたばんふめい | E25: Katabanhumei | F25: https://moqujc.wixsite.com/mqtop | G25: #MQAW | N25: 済 | O25: =テーブル1[[#This Row],[リンク]]&テーブル1[[#This Row],[描画状況]] -> https://moqujc.wixsite.com/mqtop済 | P25: =1-(COUNTIF(O:O,_xlfn.TEXTJOIN(",",TRUE,テーブル1[[#This Row],[リンク]],テーブル1[[#This Row],[描画状況]]))/COUNTIF(F:F,テーブル1[[#This Row],[リンク]])) -> 1 | Q25: =IFERROR(IF(テーブル1[[#This Row],[描画状況]]="",RAND()+(テーブル1[[#This Row],[列2]]*100),""),RAND()) | R25: 済 | S25: =IF(AND(テーブル1[[#This Row],[描画状況]]="済",テーブル1[[#This Row],[投稿状況]]=""),RAND(),"") | T25: ="|&image("&テーブル1[[#This Row],[画像]]&".png,width=100,height=100)" -> |&image(katabanhumei.png,width=100,height=100) | U25: ="|MIDDLE:​"&テーブル1[[#This Row],[名前]] -> |MIDDLE:​型番不明 | V25: ="|MIDDLE:​"&テーブル1[[#This Row],[なまえ]] -> |MIDDLE:​かたばんふめい | W25: ="|MIDDLE:​"&テーブル1[[#This Row],[Name]] -> |MIDDLE:​Katabanhumei | X25: ="|MIDDLE:​&link(配布所はこちら){​"&テーブル1[[#This Row],[リンク]]&"}|" -> |MIDDLE:​&link(配布所はこちら){​https://moqujc.wixsite.com/mqtop}|
A26: 25 | B26: =SUBSTITUTE(SUBSTITUTE(SUBSTITUTE(SUBSTITUTE(SUBSTITUTE(SUBSTITUTE(SUBSTITUTE(SUBSTITUTE(LOWER(テーブル1[[#This Row],[Name]])," ","-"),".","-"),"&","-"),"_","-"),"・","-"),"=","-"),"--","-"),"--","-") -> kanade-shia | C26: 花撫シア | D26: かなで しあ | E26: Kanade Shia | F26: https://itsuriutau.wixsite.com/kanadeshia | G26: #花撫シア | N26: 済 | O26: =テーブル1[[#This Row],[リンク]]&テーブル1[[#This Row],[描画状況]] -> https://itsuriutau.wixsite.com/kanadeshia済 | P26: =1-(COUNTIF(O:O,_xlfn.TEXTJOIN(",",TRUE,テーブル1[[#This Row],[リンク]],テーブル1[[#This Row],[描画状況]]))/COUNTIF(F:F,テーブル1[[#This Row],[リンク]])) -> 1 | Q26: =IFERROR(IF(テーブル1[[#This Row],[描画状況]]="",RAND()+(テーブル1[[#This Row],[列2]]*100),""),RAND()) | R26: 済 | S26: =IF(AND(テーブル1[[#This Row],[描画状況]]="済",テーブル1[[#This Row],[投稿状況]]=""),RAND(),"") | T26: ="|&image("&テーブル1[[#This Row],[画像]]&".png,width=100,height=100)" -> |&image(kanade-shia.png,width=100,height=100) | U26: ="|MIDDLE:​"&テーブル1[[#This Row],[名前]] -> |MIDDLE:​花撫シア | V26: ="|MIDDLE:​"&テーブル1[[#This Row],[なまえ]] -> |MIDDLE:​かなで しあ | W26: ="|MIDDLE:​"&テーブル1[[#This Row],[Name]] -> |MIDDLE:​Kanade Shia | X26: ="|MIDDLE:​&link(配布所はこちら){​"&テーブル1[[#This Row],[リンク]]&"}|" -> |MIDDLE:​&link(配布所はこちら){​https://itsuriutau.wixsite.com/kanadeshia}|
A27: 26 | B27: =SUBSTITUTE(SUBSTITUTE(SUBSTITUTE(SUBSTITUTE(SUBSTITUTE(SUBSTITUTE(SUBSTITUTE(SUBSTITUTE(LOWER(テーブル1[[#This Row],[Name]])," ","-"),".","-"),"&","-"),"_","-"),"・","-"),"=","-"),"--","-"),"--","-") -> kanade-shion | C27: 花撫シオン | D27: かなで しおん | E27: Kanade Shion | F27: https://itsuriutau.wixsite.com/kanadeshia | G27: #花撫シオン | N27: 済 | O27: =テーブル1[[#This Row],[リンク]]&テーブル1[[#This Row],[描画状況]] -> https://itsuriutau.wixsite.com/kanadeshia済 | P27: =1-(COUNTIF(O:O,_xlfn.TEXTJOIN(",",TRUE,テーブル1[[#This Row],[リンク]],テーブル1[[#This Row],[描画状況]]))/COUNTIF(F:F,テーブル1[[#This Row],[リンク]])) -> 1 | Q27: =IFERROR(IF(テーブル1[[#This Row],[描画状況]]="",RAND()+(テーブル1[[#This Row],[列2]]*100),""),RAND()) | R27: 済 | S27: =IF(AND(テーブル1[[#This Row],[描画状況]]="済",テーブル1[[#This Row],[投稿状況]]=""),RAND(),"") | T27: ="|&image("&テーブル1[[#This Row],[画像]]&".png,width=100,height=100)" -> |&image(kanade-shion.png,width=100,height=100) | U27: ="|MIDDLE:​"&テーブル1[[#This Row],[名前]] -> |MIDDLE:​花撫シオン | V27: ="|MIDDLE:​"&テーブル1[[#This Row],[なまえ]] -> |MIDDLE:​かなで しおん | W27: ="|MIDDLE:​"&テーブル1[[#This Row],[Name]] -> |MIDDLE:​Kanade Shion | X27: ="|MIDDLE:​&link(配布所はこちら){​"&テーブル1[[#This Row],[リンク]]&"}|" -> |MIDDLE:​&link(配布所はこちら){​https://itsuriutau.wixsite.com/kanadeshia}|
A28: 27 | B28: =SUBSTITUTE(SUBSTITUTE(SUBSTITUTE(SUBSTITUTE(SUBSTITUTE(SUBSTITUTE(SUBSTITUTE(SUBSTITUTE(LOWER(テーブル1[[#This Row],[Name]])," ","-"),".","-"),"&","-"),"_","-"),"・","-"),"=","-"),"--","-"),"--","-") -> kanari-niito | C28: 歌為にーと | D28: かなり にーと | E28: Kanari Niito | F28: https://bowlroll.net/user/852117/files | G28: #きのみあーと | M28: 〇 / 不要 | N28: 済 | O28: =テーブル1[[#This Row],[リンク]]&テーブル1[[#This Row],[描画状況]] -> https://bowlroll.net/user/852117/files済 | P28: =1-(COUNTIF(O:O,_xlfn.TEXTJOIN(",",TRUE,テーブル1[[#This Row],[リンク]],テーブル1[[#This Row],[描画状況]]))/COUNTIF(F:F,テーブル1[[#This Row],[リンク]])) -> 1 | Q28: =IFERROR(IF(テーブル1[[#This Row],[描画状況]]="",RAND()+(テーブル1[[#This Row],[列2]]*100),""),RAND()) | R28: 済 | S28: =IF(AND(テーブル1[[#This Row],[描画状況]]="済",テーブル1[[#This Row],[投稿状況]]=""),RAND(),"") | T28: ="|&image("&テーブル1[[#This Row],[画像]]&".png,width=100,height=100)" -> |&image(kanari-niito.png,width=100,height=100) | U28: ="|MIDDLE:​"&テーブル1[[#This Row],[名前]] -> |MIDDLE:​歌為にーと | V28: ="|MIDDLE:​"&テーブル1[[#This Row],[なまえ]] -> |MIDDLE:​かなり にーと | W28: ="|MIDDLE:​"&テーブル1[[#This Row],[Name]] -> |MIDDLE:​Kanari Niito | X28: ="|MIDDLE:​&link(配布所はこちら){​"&テーブル1[[#This Row],[リンク]]&"}|" -> |MIDDLE:​&link(配布所はこちら){​https://bowlroll.net/user/852117/files}|
A29: 28 | B29: =SUBSTITUTE(SUBSTITUTE(SUBSTITUTE(SUBSTITUTE(SUBSTITUTE(SUBSTITUTE(SUBSTITUTE(SUBSTITUTE(LOWER(テーブル1[[#This Row],[Name]])," ","-"),".","-"),"&","-"),"_","-"),"・","-"),"=","-"),"--","-"),"--","-") -> karane-kyoka | C29: 空音響歌 | D29: からね きょうか | E29: Karane Kyoka | F29: https://kaitoramma.chu.jp | G29: #空音絵巻 | N29: 済 | O29: =テーブル1[[#This Row],[リンク]]&テーブル1[[#This Row],[描画状況]] -> https://kaitoramma.chu.jp済 | P29: =1-(COUNTIF(O:O,_xlfn.TEXTJOIN(",",TRUE,テーブル1[[#This Row],[リンク]],テーブル1[[#This Row],[描画状況]]))/COUNTIF(F:F,テーブル1[[#This Row],[リンク]])) -> 1 | Q29: =IFERROR(IF(テーブル1[[#This Row],[描画状況]]="",RAND()+(テーブル1[[#This Row],[列2]]*100),""),RAND()) | R29: 済 | S29: =IF(AND(テーブル1[[#This Row],[描画状況]]="済",テーブル1[[#This Row],[投稿状況]]=""),RAND(),"") | T29: ="|&image("&テーブル1[[#This Row],[画像]]&".png,width=100,height=100)" -> |&image(karane-kyoka.png,width=100,height=100) | U29: ="|MIDDLE:​"&テーブル1[[#This Row],[名前]] -> |MIDDLE:​空音響歌 | V29: ="|MIDDLE:​"&テーブル1[[#This Row],[なまえ]] -> |MIDDLE:​からね きょうか | W29: ="|MIDDLE:​"&テーブル1[[#This Row],[Name]] -> |MIDDLE:​Karane Kyoka | X29: ="|MIDDLE:​&link(配布所はこちら){​"&テーブル1[[#This Row],[リンク]]&"}|" -> |MIDDLE:​&link(配布所はこちら){​https://kaitoramma.chu.jp}|
A30: 29 | B30: =SUBSTITUTE(SUBSTITUTE(SUBSTITUTE(SUBSTITUTE(SUBSTITUTE(SUBSTITUTE(SUBSTITUTE(SUBSTITUTE(LOWER(テーブル1[[#This Row],[Name]])," ","-"),".","-"),"&","-"),"_","-"),"・","-"),"=","-"),"--","-"),"--","-") -> karane-hibiki | C30: 空音ヒビキ | D30: からね ひびき | E30: Karane Hibiki | F30: https://kaitoramma.chu.jp | G30: #空音絵巻 | N30: 済 | O30: =テーブル1[[#This Row],[リンク]]&テーブル1[[#This Row],[描画状況]] -> https://kaitoramma.chu.jp済 | P30: =1-(COUNTIF(O:O,_xlfn.TEXTJOIN(",",TRUE,テーブル1[[#This Row],[リンク]],テーブル1[[#This Row],[描画状況]]))/COUNTIF(F:F,テーブル1[[#This Row],[リンク]])) -> 1 | Q30: =IFERROR(IF(テーブル1[[#This Row],[描画状況]]="",RAND()+(テーブル1[[#This Row],[列2]]*100),""),RAND()) | R30: 済 | S30: =IF(AND(テーブル1[[#This Row],[描画状況]]="済",テーブル1[[#This Row],[投稿状況]]=""),RAND(),"") | T30: ="|&image("&テーブル1[[#This Row],[画像]]&".png,width=100,height=100)" -> |&image(karane-hibiki.png,width=100,height=100) | U30: ="|MIDDLE:​"&テーブル1[[#This Row],[名前]] -> |MIDDLE:​空音ヒビキ | V30: ="|MIDDLE:​"&テーブル1[[#This Row],[なまえ]] -> |MIDDLE:​からね ひびき | W30: ="|MIDDLE:​"&テーブル1[[#This Row],[Name]] -> |MIDDLE:​Karane Hibiki | X30: ="|MIDDLE:​&link(配布所はこちら){​"&テーブル1[[#This Row],[リンク]]&"}|" -> |MIDDLE:​&link(配布所はこちら){​https://kaitoramma.chu.jp}|
A31: 30 | B31: =SUBSTITUTE(SUBSTITUTE(SUBSTITUTE(SUBSTITUTE(SUBSTITUTE(SUBSTITUTE(SUBSTITUTE(SUBSTITUTE(LOWER(テーブル1[[#This Row],[Name]])," ","-"),".","-"),"&","-"),"_","-"),"・","-"),"=","-"),"--","-"),"--","-") -> kiyenn | C31: キエン | D31: きえん | E31: Kiyenn | F31: https://utaunanaproplus.wixsite.com/of-web | G31: #TNPGateway | N31: 済 | O31: =テーブル1[[#This Row],[リンク]]&テーブル1[[#This Row],[描画状況]] -> https://utaunanaproplus.wixsite.com/of-web済 | P31: =1-(COUNTIF(O:O,_xlfn.TEXTJOIN(",",TRUE,テーブル1[[#This Row],[リンク]],テーブル1[[#This Row],[描画状況]]))/COUNTIF(F:F,テーブル1[[#This Row],[リンク]])) -> 1 | Q31: =IFERROR(IF(テーブル1[[#This Row],[描画状況]]="",RAND()+(テーブル1[[#This Row],[列2]]*100),""),RAND()) | R31: 済 | S31: =IF(AND(テーブル1[[#This Row],[描画状況]]="済",テーブル1[[#This Row],[投稿状況]]=""),RAND(),"") | T31: ="|&image("&テーブル1[[#This Row],[画像]]&".png,width=100,height=100)" -> |&image(kiyenn.png,width=100,height=100) | U31: ="|MIDDLE:​"&テーブル1[[#This Row],[名前]] -> |MIDDLE:​キエン | V31: ="|MIDDLE:​"&テーブル1[[#This Row],[なまえ]] -> |MIDDLE:​きえん | W31: ="|MIDDLE:​"&テーブル1[[#This Row],[Name]] -> |MIDDLE:​Kiyenn | X31: ="|MIDDLE:​&link(配布所はこちら){​"&テーブル1[[#This Row],[リンク]]&"}|" -> |MIDDLE:​&link(配布所はこちら){​https://utaunanaproplus.wixsite.com/of-web}|
A32: 31 | B32: =SUBSTITUTE(SUBSTITUTE(SUBSTITUTE(SUBSTITUTE(SUBSTITUTE(SUBSTITUTE(SUBSTITUTE(SUBSTITUTE(LOWER(テーブル1[[#This Row],[Name]])," ","-"),".","-"),"&","-"),"_","-"),"・","-"),"=","-"),"--","-"),"--","-") -> kigeki-warota | C32: 喜檄わろた | D32: きげき わろた | E32: Kigeki Warota | F32: https://seirentoybox.jimdofree.com | G32: #セレソー作 | H32: 女性 | I32: 妖精|双子 | J32: サーカス団員 | K32: リボン | L32: ギザ歯 | M32: 〇 / 不要 | N32: 済 | O32: =テーブル1[[#This Row],[リンク]]&テーブル1[[#This Row],[描画状況]] -> https://seirentoybox.jimdofree.com済 | P32: =1-(COUNTIF(O:O,_xlfn.TEXTJOIN(",",TRUE,テーブル1[[#This Row],[リンク]],テーブル1[[#This Row],[描画状況]]))/COUNTIF(F:F,テーブル1[[#This Row],[リンク]])) -> 1 | Q32: =IFERROR(IF(テーブル1[[#This Row],[描画状況]]="",RAND()+(テーブル1[[#This Row],[列2]]*100),""),RAND()) | R32: 済 | S32: =IF(AND(テーブル1[[#This Row],[描画状況]]="済",テーブル1[[#This Row],[投稿状況]]=""),RAND(),"") | T32: ="|&image("&テーブル1[[#This Row],[画像]]&".png,width=100,height=100)" -> |&image(kigeki-warota.png,width=100,height=100) | U32: ="|MIDDLE:​"&テーブル1[[#This Row],[名前]] -> |MIDDLE:​喜檄わろた | V32: ="|MIDDLE:​"&テーブル1[[#This Row],[なまえ]] -> |MIDDLE:​きげき わろた | W32: ="|MIDDLE:​"&テーブル1[[#This Row],[Name]] -> |MIDDLE:​Kigeki Warota | X32: ="|MIDDLE:​&link(配布所はこちら){​"&テーブル1[[#This Row],[リンク]]&"}|" -> |MIDDLE:​&link(配布所はこちら){​https://seirentoybox.jimdofree.com}|
A33: 32 | B33: =SUBSTITUTE(SUBSTITUTE(SUBSTITUTE(SUBSTITUTE(SUBSTITUTE(SUBSTITUTE(SUBSTITUTE(SUBSTITUTE(LOWER(テーブル1[[#This Row],[Name]])," ","-"),".","-"),"&","-"),"_","-"),"・","-"),"=","-"),"--","-"),"--","-") -> kizuboshi-sora | C33: 創星宙 | D33: きずぼし そら | E33: Kizuboshi Sora | F33: https://nyaruru.wixsite.com/s-p-w | G33: #創星宙 | N33: 済 | O33: =テーブル1[[#This Row],[リンク]]&テーブル1[[#This Row],[描画状況]] -> https://nyaruru.wixsite.com/s-p-w済 | P33: =1-(COUNTIF(O:O,_xlfn.TEXTJOIN(",",TRUE,テーブル1[[#This Row],[リンク]],テーブル1[[#This Row],[描画状況]]))/COUNTIF(F:F,テーブル1[[#This Row],[リンク]])) -> 1 | Q33: =IFERROR(IF(テーブル1[[#This Row],[描画状況]]="",RAND()+(テーブル1[[#This Row],[列2]]*100),""),RAND()) | R33: 済 | S33: =IF(AND(テーブル1[[#This Row],[描画状況]]="済",テーブル1[[#This Row],[投稿状況]]=""),RAND(),"") | T33: ="|&image("&テーブル1[[#This Row],[画像]]&".png,width=100,height=100)" -> |&image(kizuboshi-sora.png,width=100,height=100) | U33: ="|MIDDLE:​"&テーブル1[[#This Row],[名前]] -> |MIDDLE:​創星宙 | V33: ="|MIDDLE:​"&テーブル1[[#This Row],[なまえ]] -> |MIDDLE:​きずぼし そら | W33: ="|MIDDLE:​"&テーブル1[[#This Row],[Name]] -> |MIDDLE:​Kizuboshi Sora | X33: ="|MIDDLE:​&link(配布所はこちら){​"&テーブル1[[#This Row],[リンク]]&"}|" -> |MIDDLE:​&link(配布所はこちら){​https://nyaruru.wixsite.com/s-p-w}|
A34: 33 | B34: =SUBSTITUTE(SUBSTITUTE(SUBSTITUTE(SUBSTITUTE(SUBSTITUTE(SUBSTITUTE(SUBSTITUTE(SUBSTITUTE(LOWER(テーブル1[[#This Row],[Name]])," ","-"),".","-"),"&","-"),"_","-"),"・","-"),"=","-"),"--","-"),"--","-") -> kine-kine | C34: キ音キネ | D34: きね きね | E34: Kine kine | F34: https://bowlroll.net/user/852117/files | G34: #きのみあーと | M34: 〇 / 不要 | N34: 済 | O34: =テーブル1[[#This Row],[リンク]]&テーブル1[[#This Row],[描画状況]] -> https://bowlroll.net/user/852117/files済 | P34: =1-(COUNTIF(O:O,_xlfn.TEXTJOIN(",",TRUE,テーブル1[[#This Row],[リンク]],テーブル1[[#This Row],[描画状況]]))/COUNTIF(F:F,テーブル1[[#This Row],[リンク]])) -> 1 | Q34: =IFERROR(IF(テーブル1[[#This Row],[描画状況]]="",RAND()+(テーブル1[[#This Row],[列2]]*100),""),RAND()) | R34: 済 | S34: =IF(AND(テーブル1[[#This Row],[描画状況]]="済",テーブル1[[#This Row],[投稿状況]]=""),RAND(),"") | T34: ="|&image("&テーブル1[[#This Row],[画像]]&".png,width=100,height=100)" -> |&image(kine-kine.png,width=100,height=100) | U34: ="|MIDDLE:​"&テーブル1[[#This Row],[名前]] -> |MIDDLE:​キ音キネ | V34: ="|MIDDLE:​"&テーブル1[[#This Row],[なまえ]] -> |MIDDLE:​きね きね | W34: ="|MIDDLE:​"&テーブル1[[#This Row],[Name]] -> |MIDDLE:​Kine kine | X34: ="|MIDDLE:​&link(配布所はこちら){​"&テーブル1[[#This Row],[リンク]]&"}|" -> |MIDDLE:​&link(配布所はこちら){​https://bowlroll.net/user/852117/files}|
A35: 34 | B35: =SUBSTITUTE(SUBSTITUTE(SUBSTITUTE(SUBSTITUTE(SUBSTITUTE(SUBSTITUTE(SUBSTITUTE(SUBSTITUTE(LOWER(テーブル1[[#This Row],[Name]])," ","-"),".","-"),"&","-"),"_","-"),"・","-"),"=","-"),"--","-"),"--","-") -> kyomachi-morte | C35: 凶街モルテ | D35: きょうまち もるて | E35: Kyomachi Morte | F35: https://utaunanaproplus.wixsite.com/of-web | G35: #TNPGateway | N35: 済 | O35: =テーブル1[[#This Row],[リンク]]&テーブル1[[#This Row],[描画状況]] -> https://utaunanaproplus.wixsite.com/of-web済 | P35: =1-(COUNTIF(O:O,_xlfn.TEXTJOIN(",",TRUE,テーブル1[[#This Row],[リンク]],テーブル1[[#This Row],[描画状況]]))/COUNTIF(F:F,テーブル1[[#This Row],[リンク]])) -> 1 | Q35: =IFERROR(IF(テーブル1[[#This Row],[描画状況]]="",RAND()+(テーブル1[[#This Row],[列2]]*100),""),RAND()) | R35: 済 | S35: =IF(AND(テーブル1[[#This Row],[描画状況]]="済",テーブル1[[#This Row],[投稿状況]]=""),RAND(),"") | T35: ="|&image("&テーブル1[[#This Row],[画像]]&".png,width=100,height=100)" -> |&image(kyomachi-morte.png,width=100,height=100) | U35: ="|MIDDLE:​"&テーブル1[[#This Row],[名前]] -> |MIDDLE:​凶街モルテ | V35: ="|MIDDLE:​"&テーブル1[[#This Row],[なまえ]] -> |MIDDLE:​きょうまち もるて | W35: ="|MIDDLE:​"&テーブル1[[#This Row],[Name]] -> |MIDDLE:​Kyomachi Morte | X35: ="|MIDDLE:​&link(配布所はこちら){​"&テーブル1[[#This Row],[リンク]]&"}|" -> |MIDDLE:​&link(配布所はこちら){​https://utaunanaproplus.wixsite.com/of-web}|
A36: 35 | B36: =SUBSTITUTE(SUBSTITUTE(SUBSTITUTE(SUBSTITUTE(SUBSTITUTE(SUBSTITUTE(SUBSTITUTE(SUBSTITUTE(LOWER(テーブル1[[#This Row],[Name]])," ","-"),".","-"),"&","-"),"_","-"),"・","-"),"=","-"),"--","-"),"--","-") -> kiraboshi-waku | C36: 輝星惑 | D36: きらぼし わく | E36: Kiraboshi Waku | F36: https://nyaruru.wixsite.com/s-p-w | G36: #輝星惑 | N36: 済 | O36: =テーブル1[[#This Row],[リンク]]&テーブル1[[#This Row],[描画状況]] -> https://nyaruru.wixsite.com/s-p-w済 | P36: =1-(COUNTIF(O:O,_xlfn.TEXTJOIN(",",TRUE,テーブル1[[#This Row],[リンク]],テーブル1[[#This Row],[描画状況]]))/COUNTIF(F:F,テーブル1[[#This Row],[リンク]])) -> 1 | Q36: =IFERROR(IF(テーブル1[[#This Row],[描画状況]]="",RAND()+(テーブル1[[#This Row],[列2]]*100),""),RAND()) | R36: 済 | S36: =IF(AND(テーブル1[[#This Row],[描画状況]]="済",テーブル1[[#This Row],[投稿状況]]=""),RAND(),"") | T36: ="|&image("&テーブル1[[#This Row],[画像]]&".png,width=100,height=100)" -> |&image(kiraboshi-waku.png,width=100,height=100) | U36: ="|MIDDLE:​"&テーブル1[[#This Row],[名前]] -> |MIDDLE:​輝星惑 | V36: ="|MIDDLE:​"&テーブル1[[#This Row],[なまえ]] -> |MIDDLE:​きらぼし わく | W36: ="|MIDDLE:​"&テーブル1[[#This Row],[Name]] -> |MIDDLE:​Kiraboshi Waku | X36: ="|MIDDLE:​&link(配布所はこちら){​"&テーブル1[[#This Row],[リンク]]&"}|" -> |MIDDLE:​&link(配布所はこちら){​https://nyaruru.wixsite.com/s-p-w}|
A37: 36 | B37: =SUBSTITUTE(SUBSTITUTE(SUBSTITUTE(SUBSTITUTE(SUBSTITUTE(SUBSTITUTE(SUBSTITUTE(SUBSTITUTE(LOWER(テーブル1[[#This Row],[Name]])," ","-"),".","-"),"&","-"),"_","-"),"・","-"),"=","-"),"--","-"),"--","-") -> kuzyaku-eren | C37: 玖婥えれん | D37: くじゃく えれん | E37: Kuzyaku Eren | F37: https://hznonoka.wixsite.com/utau | G37: #あひのん #玖婥えれん | M37: 〇 / 不要 | N37: 済 | O37: =テーブル1[[#This Row],[リンク]]&テーブル1[[#This Row],[描画状況]] -> https://hznonoka.wixsite.com/utau済 | P37: =1-(COUNTIF(O:O,_xlfn.TEXTJOIN(",",TRUE,テーブル1[[#This Row],[リンク]],テーブル1[[#This Row],[描画状況]]))/COUNTIF(F:F,テーブル1[[#This Row],[リンク]])) -> 1 | Q37: =IFERROR(IF(テーブル1[[#This Row],[描画状況]]="",RAND()+(テーブル1[[#This Row],[列2]]*100),""),RAND()) | R37: 済 | S37: =IF(AND(テーブル1[[#This Row],[描画状況]]="済",テーブル1[[#This Row],[投稿状況]]=""),RAND(),"") | T37: ="|&image("&テーブル1[[#This Row],[画像]]&".png,width=100,height=100)" -> |&image(kuzyaku-eren.png,width=100,height=100) | U37: ="|MIDDLE:​"&テーブル1[[#This Row],[名前]] -> |MIDDLE:​玖婥えれん | V37: ="|MIDDLE:​"&テーブル1[[#This Row],[なまえ]] -> |MIDDLE:​くじゃく えれん | W37: ="|MIDDLE:​"&テーブル1[[#This Row],[Name]] -> |MIDDLE:​Kuzyaku Eren | X37: ="|MIDDLE:​&link(配布所はこちら){​"&テーブル1[[#This Row],[リンク]]&"}|" -> |MIDDLE:​&link(配布所はこちら){​https://hznonoka.wixsite.com/utau}|
A38: 37 | B38: =SUBSTITUTE(SUBSTITUTE(SUBSTITUTE(SUBSTITUTE(SUBSTITUTE(SUBSTITUTE(SUBSTITUTE(SUBSTITUTE(LOWER(テーブル1[[#This Row],[Name]])," ","-"),".","-"),"&","-"),"_","-"),"・","-"),"=","-"),"--","-"),"--","-") -> kuchinashi-awo | C38: 口無アヲ | D38: くちなし あを | E38: Kuchinashi Awo | F38: https://nichikuniku1129063.wixsite.com/website-3 | G38: #Pietà_ | N38: 済 | O38: =テーブル1[[#This Row],[リンク]]&テーブル1[[#This Row],[描画状況]] -> https://nichikuniku1129063.wixsite.com/website-3済 | P38: =1-(COUNTIF(O:O,_xlfn.TEXTJOIN(",",TRUE,テーブル1[[#This Row],[リンク]],テーブル1[[#This Row],[描画状況]]))/COUNTIF(F:F,テーブル1[[#This Row],[リンク]])) -> 1 | Q38: =IFERROR(IF(テーブル1[[#This Row],[描画状況]]="",RAND()+(テーブル1[[#This Row],[列2]]*100),""),RAND()) | R38: 済 | S38: =IF(AND(テーブル1[[#This Row],[描画状況]]="済",テーブル1[[#This Row],[投稿状況]]=""),RAND(),"") | T38: ="|&image("&テーブル1[[#This Row],[画像]]&".png,width=100,height=100)" -> |&image(kuchinashi-awo.png,width=100,height=100) | U38: ="|MIDDLE:​"&テーブル1[[#This Row],[名前]] -> |MIDDLE:​口無アヲ | V38: ="|MIDDLE:​"&テーブル1[[#This Row],[なまえ]] -> |MIDDLE:​くちなし あを | W38: ="|MIDDLE:​"&テーブル1[[#This Row],[Name]] -> |MIDDLE:​Kuchinashi Awo | X38: ="|MIDDLE:​&link(配布所はこちら){​"&テーブル1[[#This Row],[リンク]]&"}|" -> |MIDDLE:​&link(配布所はこちら){​https://nichikuniku1129063.wixsite.com/website-3}|
A39: 38 | B39: =SUBSTITUTE(SUBSTITUTE(SUBSTITUTE(SUBSTITUTE(SUBSTITUTE(SUBSTITUTE(SUBSTITUTE(SUBSTITUTE(LOWER(テーブル1[[#This Row],[Name]])," ","-"),".","-"),"&","-"),"_","-"),"・","-"),"=","-"),"--","-"),"--","-") -> kurobousuku | C39: 黒昴宿 | D39: くろぼうすく | E39: Kurobousuku | F39: https://subarumusicstore.studio.site | G39: #赤黒快日 | N39: 済 | O39: =テーブル1[[#This Row],[リンク]]&テーブル1[[#This Row],[描画状況]] -> https://subarumusicstore.studio.site済 | P39: =1-(COUNTIF(O:O,_xlfn.TEXTJOIN(",",TRUE,テーブル1[[#This Row],[リンク]],テーブル1[[#This Row],[描画状況]]))/COUNTIF(F:F,テーブル1[[#This Row],[リンク]])) -> 1 | Q39: =IFERROR(IF(テーブル1[[#This Row],[描画状況]]="",RAND()+(テーブル1[[#This Row],[列2]]*100),""),RAND()) | R39: 済 | S39: =IF(AND(テーブル1[[#This Row],[描画状況]]="済",テーブル1[[#This Row],[投稿状況]]=""),RAND(),"") | T39: ="|&image("&テーブル1[[#This Row],[画像]]&".png,width=100,height=100)" -> |&image(kurobousuku.png,width=100,height=100) | U39: ="|MIDDLE:​"&テーブル1[[#This Row],[名前]] -> |MIDDLE:​黒昴宿 | V39: ="|MIDDLE:​"&テーブル1[[#This Row],[なまえ]] -> |MIDDLE:​くろぼうすく | W39: ="|MIDDLE:​"&テーブル1[[#This Row],[Name]] -> |MIDDLE:​Kurobousuku | X39: ="|MIDDLE:​&link(配布所はこちら){​"&テーブル1[[#This Row],[リンク]]&"}|" -> |MIDDLE:​&link(配布所はこちら){​https://subarumusicstore.studio.site}|
A40: 39 | B40: =SUBSTITUTE(SUBSTITUTE(SUBSTITUTE(SUBSTITUTE(SUBSTITUTE(SUBSTITUTE(SUBSTITUTE(SUBSTITUTE(LOWER(テーブル1[[#This Row],[Name]])," ","-"),".","-"),"&","-"),"_","-"),"・","-"),"=","-"),"--","-"),"--","-") -> kei | C40: 蛍(ケイ) | D40: けい | E40: Kei | F40: http://park2.wakwak.com/~mbox/vo/hk/hkfre.htm | G40: #蛍_UTAU | M40: 〇 / 必要 | N40: 済 | O40: =テーブル1[[#This Row],[リンク]]&テーブル1[[#This Row],[描画状況]] -> http://park2.wakwak.com/~mbox/vo/hk/hkfre.htm済 | P40: =1-(COUNTIF(O:O,_xlfn.TEXTJOIN(",",TRUE,テーブル1[[#This Row],[リンク]],テーブル1[[#This Row],[描画状況]]))/COUNTIF(F:F,テーブル1[[#This Row],[リンク]])) -> 1 | Q40: =IFERROR(IF(テーブル1[[#This Row],[描画状況]]="",RAND()+(テーブル1[[#This Row],[列2]]*100),""),RAND()) | R40: 済 | S40: =IF(AND(テーブル1[[#This Row],[描画状況]]="済",テーブル1[[#This Row],[投稿状況]]=""),RAND(),"") | T40: ="|&image("&テーブル1[[#This Row],[画像]]&".png,width=100,height=100)" -> |&image(kei.png,width=100,height=100) | U40: ="|MIDDLE:​"&テーブル1[[#This Row],[名前]] -> |MIDDLE:​蛍(ケイ) | V40: ="|MIDDLE:​"&テーブル1[[#This Row],[なまえ]] -> |MIDDLE:​けい | W40: ="|MIDDLE:​"&テーブル1[[#This Row],[Name]] -> |MIDDLE:​Kei | X40: ="|MIDDLE:​&link(配布所はこちら){​"&テーブル1[[#This Row],[リンク]]&"}|" -> |MIDDLE:​&link(配布所はこちら){​http://park2.wakwak.com/~mbox/vo/hk/hkfre.htm}|
A41: 40 | B41: =SUBSTITUTE(SUBSTITUTE(SUBSTITUTE(SUBSTITUTE(SUBSTITUTE(SUBSTITUTE(SUBSTITUTE(SUBSTITUTE(LOWER(テーブル1[[#This Row],[Name]])," ","-"),".","-"),"&","-"),"_","-"),"・","-"),"=","-"),"--","-"),"--","-") -> keine-ron | C41: 京音ロン | D41: けいね ろん | E41: Keine Ron | F41: https://keineron.wixsite.com/index | G41: #京音ロン | N41: 済 | O41: =テーブル1[[#This Row],[リンク]]&テーブル1[[#This Row],[描画状況]] -> https://keineron.wixsite.com/index済 | P41: =1-(COUNTIF(O:O,_xlfn.TEXTJOIN(",",TRUE,テーブル1[[#This Row],[リンク]],テーブル1[[#This Row],[描画状況]]))/COUNTIF(F:F,テーブル1[[#This Row],[リンク]])) -> 1 | Q41: =IFERROR(IF(テーブル1[[#This Row],[描画状況]]="",RAND()+(テーブル1[[#This Row],[列2]]*100),""),RAND()) | R41: 済 | S41: =IF(AND(テーブル1[[#This Row],[描画状況]]="済",テーブル1[[#This Row],[投稿状況]]=""),RAND(),"") | T41: ="|&image("&テーブル1[[#This Row],[画像]]&".png,width=100,height=100)" -> |&image(keine-ron.png,width=100,height=100) | U41: ="|MIDDLE:​"&テーブル1[[#This Row],[名前]] -> |MIDDLE:​京音ロン | V41: ="|MIDDLE:​"&テーブル1[[#This Row],[なまえ]] -> |MIDDLE:​けいね ろん | W41: ="|MIDDLE:​"&テーブル1[[#This Row],[Name]] -> |MIDDLE:​Keine Ron | X41: ="|MIDDLE:​&link(配布所はこちら){​"&テーブル1[[#This Row],[リンク]]&"}|" -> |MIDDLE:​&link(配布所はこちら){​https://keineron.wixsite.com/index}|
A42: 41 | B42: =SUBSTITUTE(SUBSTITUTE(SUBSTITUTE(SUBSTITUTE(SUBSTITUTE(SUBSTITUTE(SUBSTITUTE(SUBSTITUTE(LOWER(テーブル1[[#This Row],[Name]])," ","-"),".","-"),"&","-"),"_","-"),"・","-"),"=","-"),"--","-"),"--","-") -> gekiyaku | C42: ゲキヤク | D42: げきやく | E42: Gekiyaku | F42: https://kurukuru2suuzi.wixsite.com/kuzutokaze | G42: #くずかぜ | N42: 済 | O42: =テーブル1[[#This Row],[リンク]]&テーブル1[[#This Row],[描画状況]] -> https://kurukuru2suuzi.wixsite.com/kuzutokaze済 | P42: =1-(COUNTIF(O:O,_xlfn.TEXTJOIN(",",TRUE,テーブル1[[#This Row],[リンク]],テーブル1[[#This Row],[描画状況]]))/COUNTIF(F:F,テーブル1[[#This Row],[リンク]])) -> 1 | Q42: =IFERROR(IF(テーブル1[[#This Row],[描画状況]]="",RAND()+(テーブル1[[#This Row],[列2]]*100),""),RAND()) | R42: 済 | S42: =IF(AND(テーブル1[[#This Row],[描画状況]]="済",テーブル1[[#This Row],[投稿状況]]=""),RAND(),"") | T42: ="|&image("&テーブル1[[#This Row],[画像]]&".png,width=100,height=100)" -> |&image(gekiyaku.png,width=100,height=100) | U42: ="|MIDDLE:​"&テーブル1[[#This Row],[名前]] -> |MIDDLE:​ゲキヤク | V42: ="|MIDDLE:​"&テーブル1[[#This Row],[なまえ]] -> |MIDDLE:​げきやく | W42: ="|MIDDLE:​"&テーブル1[[#This Row],[Name]] -> |MIDDLE:​Gekiyaku | X42: ="|MIDDLE:​&link(配布所はこちら){​"&テーブル1[[#This Row],[リンク]]&"}|" -> |MIDDLE:​&link(配布所はこちら){​https://kurukuru2suuzi.wixsite.com/kuzutokaze}|
A43: 42 | B43: =SUBSTITUTE(SUBSTITUTE(SUBSTITUTE(SUBSTITUTE(SUBSTITUTE(SUBSTITUTE(SUBSTITUTE(SUBSTITUTE(LOWER(テーブル1[[#This Row],[Name]])," ","-"),".","-"),"&","-"),"_","-"),"・","-"),"=","-"),"--","-"),"--","-") -> kedaruge | C43: 蹴堕流激 | D43: けだるげ | E43: Kedaruge | F43: https://kakokyu102krbs.wixsite.com/greenmilky | G43: #グリーンミルキー | N43: 済 | O43: =テーブル1[[#This Row],[リンク]]&テーブル1[[#This Row],[描画状況]] -> https://kakokyu102krbs.wixsite.com/greenmilky済 | P43: =1-(COUNTIF(O:O,_xlfn.TEXTJOIN(",",TRUE,テーブル1[[#This Row],[リンク]],テーブル1[[#This Row],[描画状況]]))/COUNTIF(F:F,テーブル1[[#This Row],[リンク]])) -> 1 | Q43: =IFERROR(IF(テーブル1[[#This Row],[描画状況]]="",RAND()+(テーブル1[[#This Row],[列2]]*100),""),RAND()) | R43: 済 | S43: =IF(AND(テーブル1[[#This Row],[描画状況]]="済",テーブル1[[#This Row],[投稿状況]]=""),RAND(),"") | T43: ="|&image("&テーブル1[[#This Row],[画像]]&".png,width=100,height=100)" -> |&image(kedaruge.png,width=100,height=100) | U43: ="|MIDDLE:​"&テーブル1[[#This Row],[名前]] -> |MIDDLE:​蹴堕流激 | V43: ="|MIDDLE:​"&テーブル1[[#This Row],[なまえ]] -> |MIDDLE:​けだるげ | W43: ="|MIDDLE:​"&テーブル1[[#This Row],[Name]] -> |MIDDLE:​Kedaruge | X43: ="|MIDDLE:​&link(配布所はこちら){​"&テーブル1[[#This Row],[リンク]]&"}|" -> |MIDDLE:​&link(配布所はこちら){​https://kakokyu102krbs.wixsite.com/greenmilky}|
A44: 43 | B44: =SUBSTITUTE(SUBSTITUTE(SUBSTITUTE(SUBSTITUTE(SUBSTITUTE(SUBSTITUTE(SUBSTITUTE(SUBSTITUTE(LOWER(テーブル1[[#This Row],[Name]])," ","-"),".","-"),"&","-"),"_","-"),"・","-"),"=","-"),"--","-"),"--","-") -> kon-kokuto | C44: ​狐隠黒途 | D44: こおん こくと | E44: Kon Kokuto | F44: https://chunyinhui021.wixsite.com/mutyuusaisei | G44: #無中彩声 | M44: 〇 / 必要 | N44: 済 | O44: =テーブル1[[#This Row],[リンク]]&テーブル1[[#This Row],[描画状況]] -> https://chunyinhui021.wixsite.com/mutyuusaisei済 | P44: =1-(COUNTIF(O:O,_xlfn.TEXTJOIN(",",TRUE,テーブル1[[#This Row],[リンク]],テーブル1[[#This Row],[描画状況]]))/COUNTIF(F:F,テーブル1[[#This Row],[リンク]])) -> 1 | Q44: =IFERROR(IF(テーブル1[[#This Row],[描画状況]]="",RAND()+(テーブル1[[#This Row],[列2]]*100),""),RAND()) | R44: 済 | S44: =IF(AND(テーブル1[[#This Row],[描画状況]]="済",テーブル1[[#This Row],[投稿状況]]=""),RAND(),"") | T44: ="|&image("&テーブル1[[#This Row],[画像]]&".png,width=100,height=100)" -> |&image(kon-kokuto.png,width=100,height=100) | U44: ="|MIDDLE:​"&テーブル1[[#This Row],[名前]] -> |MIDDLE:​​狐隠黒途 | V44: ="|MIDDLE:​"&テーブル1[[#This Row],[なまえ]] -> |MIDDLE:​こおん こくと | W44: ="|MIDDLE:​"&テーブル1[[#This Row],[Name]] -> |MIDDLE:​Kon Kokuto | X44: ="|MIDDLE:​&link(配布所はこちら){​"&テーブル1[[#This Row],[リンク]]&"}|" -> |MIDDLE:​&link(配布所はこちら){​https://chunyinhui021.wixsite.com/mutyuusaisei}|
A45: 44 | B45: =SUBSTITUTE(SUBSTITUTE(SUBSTITUTE(SUBSTITUTE(SUBSTITUTE(SUBSTITUTE(SUBSTITUTE(SUBSTITUTE(LOWER(テーブル1[[#This Row],[Name]])," ","-"),".","-"),"&","-"),"_","-"),"・","-"),"=","-"),"--","-"),"--","-") -> kokubangakari | C45: ​黒板係 | D45: こくばんがかり | E45: kokubangakari | F45: https://utauudon.wixsite.com/origamisyokudou | G45: #折紙食堂 | N45: 済 | O45: =テーブル1[[#This Row],[リンク]]&テーブル1[[#This Row],[描画状況]] -> https://utauudon.wixsite.com/origamisyokudou済 | P45: =1-(COUNTIF(O:O,_xlfn.TEXTJOIN(",",TRUE,テーブル1[[#This Row],[リンク]],テーブル1[[#This Row],[描画状況]]))/COUNTIF(F:F,テーブル1[[#This Row],[リンク]])) -> 1 | Q45: =IFERROR(IF(テーブル1[[#This Row],[描画状況]]="",RAND()+(テーブル1[[#This Row],[列2]]*100),""),RAND()) | R45: 済 | S45: =IF(AND(テーブル1[[#This Row],[描画状況]]="済",テーブル1[[#This Row],[投稿状況]]=""),RAND(),"") | T45: ="|&image("&テーブル1[[#This Row],[画像]]&".png,width=100,height=100)" -> |&image(kokubangakari.png,width=100,height=100) | U45: ="|MIDDLE:​"&テーブル1[[#This Row],[名前]] -> |MIDDLE:​​黒板係 | V45: ="|MIDDLE:​"&テーブル1[[#This Row],[なまえ]] -> |MIDDLE:​こくばんがかり | W45: ="|MIDDLE:​"&テーブル1[[#This Row],[Name]] -> |MIDDLE:​kokubangakari | X45: ="|MIDDLE:​&link(配布所はこちら){​"&テーブル1[[#This Row],[リンク]]&"}|" -> |MIDDLE:​&link(配布所はこちら){​https://utauudon.wixsite.com/origamisyokudou}|
A46: 45 | B46: =SUBSTITUTE(SUBSTITUTE(SUBSTITUTE(SUBSTITUTE(SUBSTITUTE(SUBSTITUTE(SUBSTITUTE(SUBSTITUTE(LOWER(テーブル1[[#This Row],[Name]])," ","-"),".","-"),"&","-"),"_","-"),"・","-"),"=","-"),"--","-"),"--","-") -> kokorone-futaba | C46: 心音フタバ | D46: こころね ふたば | E46: Kokorone Futaba | F46: https://hinagitsune-utau.wixsite.com/utaukokorone | G46: #ウタウココロネ | M46: 〇 / 不要 | N46: 済 | O46: =テーブル1[[#This Row],[リンク]]&テーブル1[[#This Row],[描画状況]] -> https://hinagitsune-utau.wixsite.com/utaukokorone済 | P46: =1-(COUNTIF(O:O,_xlfn.TEXTJOIN(",",TRUE,テーブル1[[#This Row],[リンク]],テーブル1[[#This Row],[描画状況]]))/COUNTIF(F:F,テーブル1[[#This Row],[リンク]])) -> 1 | Q46: =IFERROR(IF(テーブル1[[#This Row],[描画状況]]="",RAND()+(テーブル1[[#This Row],[列2]]*100),""),RAND()) | R46: 済 | S46: =IF(AND(テーブル1[[#This Row],[描画状況]]="済",テーブル1[[#This Row],[投稿状況]]=""),RAND(),"") | T46: ="|&image("&テーブル1[[#This Row],[画像]]&".png,width=100,height=100)" -> |&image(kokorone-futaba.png,width=100,height=100) | U46: ="|MIDDLE:​"&テーブル1[[#This Row],[名前]] -> |MIDDLE:​心音フタバ | V46: ="|MIDDLE:​"&テーブル1[[#This Row],[なまえ]] -> |MIDDLE:​こころね ふたば | W46: ="|MIDDLE:​"&テーブル1[[#This Row],[Name]] -> |MIDDLE:​Kokorone Futaba | X46: ="|MIDDLE:​&link(配布所はこちら){​"&テーブル1[[#This Row],[リンク]]&"}|" -> |MIDDLE:​&link(配布所はこちら){​https://hinagitsune-utau.wixsite.com/utaukokorone}|
A47: 46 | B47: =SUBSTITUTE(SUBSTITUTE(SUBSTITUTE(SUBSTITUTE(SUBSTITUTE(SUBSTITUTE(SUBSTITUTE(SUBSTITUTE(LOWER(テーブル1[[#This Row],[Name]])," ","-"),".","-"),"&","-"),"_","-"),"・","-"),"=","-"),"--","-"),"--","-") -> kodou-hakuya | C47: 鼓童拍也 | D47: こどう はくや | E47: Kodou Hakuya | F47: https://nananasyrup.wixsite.com/13kka | G47: #いちみっか | N47: 済 | O47: =テーブル1[[#This Row],[リンク]]&テーブル1[[#This Row],[描画状況]] -> https://nananasyrup.wixsite.com/13kka済 | P47: =1-(COUNTIF(O:O,_xlfn.TEXTJOIN(",",TRUE,テーブル1[[#This Row],[リンク]],テーブル1[[#This Row],[描画状況]]))/COUNTIF(F:F,テーブル1[[#This Row],[リンク]])) -> 1 | Q47: =IFERROR(IF(テーブル1[[#This Row],[描画状況]]="",RAND()+(テーブル1[[#This Row],[列2]]*100),""),RAND()) | R47: 済 | S47: =IF(AND(テーブル1[[#This Row],[描画状況]]="済",テーブル1[[#This Row],[投稿状況]]=""),RAND(),"") | T47: ="|&image("&テーブル1[[#This Row],[画像]]&".png,width=100,height=100)" -> |&image(kodou-hakuya.png,width=100,height=100) | U47: ="|MIDDLE:​"&テーブル1[[#This Row],[名前]] -> |MIDDLE:​鼓童拍也 | V47: ="|MIDDLE:​"&テーブル1[[#This Row],[なまえ]] -> |MIDDLE:​こどう はくや | W47: ="|MIDDLE:​"&テーブル1[[#This Row],[Name]] -> |MIDDLE:​Kodou Hakuya | X47: ="|MIDDLE:​&link(配布所はこちら){​"&テーブル1[[#This Row],[リンク]]&"}|" -> |MIDDLE:​&link(配布所はこちら){​https://nananasyrup.wixsite.com/13kka}|
A48: 47 | B48: =SUBSTITUTE(SUBSTITUTE(SUBSTITUTE(SUBSTITUTE(SUBSTITUTE(SUBSTITUTE(SUBSTITUTE(SUBSTITUTE(LOWER(テーブル1[[#This Row],[Name]])," ","-"),".","-"),"&","-"),"_","-"),"・","-"),"=","-"),"--","-"),"--","-") -> saika | C48: サイカ | D48: さいか | E48: Saika | F48: https://nichikuniku1129063.wixsite.com/website-3 | G48: #Pietà_ | N48: 済 | O48: =テーブル1[[#This Row],[リンク]]&テーブル1[[#This Row],[描画状況]] -> https://nichikuniku1129063.wixsite.com/website-3済 | P48: =1-(COUNTIF(O:O,_xlfn.TEXTJOIN(",",TRUE,テーブル1[[#This Row],[リンク]],テーブル1[[#This Row],[描画状況]]))/COUNTIF(F:F,テーブル1[[#This Row],[リンク]])) -> 1 | Q48: =IFERROR(IF(テーブル1[[#This Row],[描画状況]]="",RAND()+(テーブル1[[#This Row],[列2]]*100),""),RAND()) | R48: 済 | S48: =IF(AND(テーブル1[[#This Row],[描画状況]]="済",テーブル1[[#This Row],[投稿状況]]=""),RAND(),"") | T48: ="|&image("&テーブル1[[#This Row],[画像]]&".png,width=100,height=100)" -> |&image(saika.png,width=100,height=100) | U48: ="|MIDDLE:​"&テーブル1[[#This Row],[名前]] -> |MIDDLE:​サイカ | V48: ="|MIDDLE:​"&テーブル1[[#This Row],[なまえ]] -> |MIDDLE:​さいか | W48: ="|MIDDLE:​"&テーブル1[[#This Row],[Name]] -> |MIDDLE:​Saika | X48: ="|MIDDLE:​&link(配布所はこちら){​"&テーブル1[[#This Row],[リンク]]&"}|" -> |MIDDLE:​&link(配布所はこちら){​https://nichikuniku1129063.wixsite.com/website-3}|
A49: 48 | B49: =SUBSTITUTE(SUBSTITUTE(SUBSTITUTE(SUBSTITUTE(SUBSTITUTE(SUBSTITUTE(SUBSTITUTE(SUBSTITUTE(LOWER(テーブル1[[#This Row],[Name]])," ","-"),".","-"),"&","-"),"_","-"),"・","-"),"=","-"),"--","-"),"--","-") -> savul | C49: サヴル | D49: さゔる | E49: Savul | F49: https://ne510channel.wixsite.com/website | G49: #はなときつねごと | N49: 済 | O49: =テーブル1[[#This Row],[リンク]]&テーブル1[[#This Row],[描画状況]] -> https://ne510channel.wixsite.com/website済 | P49: =1-(COUNTIF(O:O,_xlfn.TEXTJOIN(",",TRUE,テーブル1[[#This Row],[リンク]],テーブル1[[#This Row],[描画状況]]))/COUNTIF(F:F,テーブル1[[#This Row],[リンク]])) -> 1 | Q49: =IFERROR(IF(テーブル1[[#This Row],[描画状況]]="",RAND()+(テーブル1[[#This Row],[列2]]*100),""),RAND()) | R49: 済 | S49: =IF(AND(テーブル1[[#This Row],[描画状況]]="済",テーブル1[[#This Row],[投稿状況]]=""),RAND(),"") | T49: ="|&image("&テーブル1[[#This Row],[画像]]&".png,width=100,height=100)" -> |&image(savul.png,width=100,height=100) | U49: ="|MIDDLE:​"&テーブル1[[#This Row],[名前]] -> |MIDDLE:​サヴル | V49: ="|MIDDLE:​"&テーブル1[[#This Row],[なまえ]] -> |MIDDLE:​さゔる | W49: ="|MIDDLE:​"&テーブル1[[#This Row],[Name]] -> |MIDDLE:​Savul | X49: ="|MIDDLE:​&link(配布所はこちら){​"&テーブル1[[#This Row],[リンク]]&"}|" -> |MIDDLE:​&link(配布所はこちら){​https://ne510channel.wixsite.com/website}|
A50: 49 | B50: =SUBSTITUTE(SUBSTITUTE(SUBSTITUTE(SUBSTITUTE(SUBSTITUTE(SUBSTITUTE(SUBSTITUTE(SUBSTITUTE(LOWER(テーブル1[[#This Row],[Name]])," ","-"),".","-"),"&","-"),"_","-"),"・","-"),"=","-"),"--","-"),"--","-") -> satene | C50: さてね | D50: さてね | E50: Satene | F50: https://lit.link/sereinrain | G50: #さてね_UTAU | N50: 済 | O50: =テーブル1[[#This Row],[リンク]]&テーブル1[[#This Row],[描画状況]] -> https://lit.link/sereinrain済 | P50: =1-(COUNTIF(O:O,_xlfn.TEXTJOIN(",",TRUE,テーブル1[[#This Row],[リンク]],テーブル1[[#This Row],[描画状況]]))/COUNTIF(F:F,テーブル1[[#This Row],[リンク]])) -> 1 | Q50: =IFERROR(IF(テーブル1[[#This Row],[描画状況]]="",RAND()+(テーブル1[[#This Row],[列2]]*100),""),RAND()) | R50: 済 | S50: =IF(AND(テーブル1[[#This Row],[描画状況]]="済",テーブル1[[#This Row],[投稿状況]]=""),RAND(),"") | T50: ="|&image("&テーブル1[[#This Row],[画像]]&".png,width=100,height=100)" -> |&image(satene.png,width=100,height=100) | U50: ="|MIDDLE:​"&テーブル1[[#This Row],[名前]] -> |MIDDLE:​さてね | V50: ="|MIDDLE:​"&テーブル1[[#This Row],[なまえ]] -> |MIDDLE:​さてね | W50: ="|MIDDLE:​"&テーブル1[[#This Row],[Name]] -> |MIDDLE:​Satene | X50: ="|MIDDLE:​&link(配布所はこちら){​"&テーブル1[[#This Row],[リンク]]&"}|" -> |MIDDLE:​&link(配布所はこちら){​https://lit.link/sereinrain}|
A51: 50 | B51: =SUBSTITUTE(SUBSTITUTE(SUBSTITUTE(SUBSTITUTE(SUBSTITUTE(SUBSTITUTE(SUBSTITUTE(SUBSTITUTE(LOWER(テーブル1[[#This Row],[Name]])," ","-"),".","-"),"&","-"),"_","-"),"・","-"),"=","-"),"--","-"),"--","-") -> sabane-kan | C51: 鯖音カン | D51: さばね かん | E51: Sabane Kan | F51: https://witchdoll.jimdofree.com | G51: #きちゃーと | N51: 済 | O51: =テーブル1[[#This Row],[リンク]]&テーブル1[[#This Row],[描画状況]] -> https://witchdoll.jimdofree.com済 | P51: =1-(COUNTIF(O:O,_xlfn.TEXTJOIN(",",TRUE,テーブル1[[#This Row],[リンク]],テーブル1[[#This Row],[描画状況]]))/COUNTIF(F:F,テーブル1[[#This Row],[リンク]])) -> 1 | Q51: =IFERROR(IF(テーブル1[[#This Row],[描画状況]]="",RAND()+(テーブル1[[#This Row],[列2]]*100),""),RAND()) | R51: 済 | S51: =IF(AND(テーブル1[[#This Row],[描画状況]]="済",テーブル1[[#This Row],[投稿状況]]=""),RAND(),"") | T51: ="|&image("&テーブル1[[#This Row],[画像]]&".png,width=100,height=100)" -> |&image(sabane-kan.png,width=100,height=100) | U51: ="|MIDDLE:​"&テーブル1[[#This Row],[名前]] -> |MIDDLE:​鯖音カン | V51: ="|MIDDLE:​"&テーブル1[[#This Row],[なまえ]] -> |MIDDLE:​さばね かん | W51: ="|MIDDLE:​"&テーブル1[[#This Row],[Name]] -> |MIDDLE:​Sabane Kan | X51: ="|MIDDLE:​&link(配布所はこちら){​"&テーブル1[[#This Row],[リンク]]&"}|" -> |MIDDLE:​&link(配布所はこちら){​https://witchdoll.jimdofree.com}|
A52: 51 | B52: =SUBSTITUTE(SUBSTITUTE(SUBSTITUTE(SUBSTITUTE(SUBSTITUTE(SUBSTITUTE(SUBSTITUTE(SUBSTITUTE(LOWER(テーブル1[[#This Row],[Name]])," ","-"),".","-"),"&","-"),"_","-"),"・","-"),"=","-"),"--","-"),"--","-") -> jiura-kazagiri | C52: ジウラ・カザギリ | D52: じうら かざぎり | E52: Jiura Kazagiri | F52: https://tsukimiya0728.wixsite.com/silverbullet | G52: #ツキノファミリー | N52: 済 | O52: =テーブル1[[#This Row],[リンク]]&テーブル1[[#This Row],[描画状況]] -> https://tsukimiya0728.wixsite.com/silverbullet済 | P52: =1-(COUNTIF(O:O,_xlfn.TEXTJOIN(",",TRUE,テーブル1[[#This Row],[リンク]],テーブル1[[#This Row],[描画状況]]))/COUNTIF(F:F,テーブル1[[#This Row],[リンク]])) -> 1 | Q52: =IFERROR(IF(テーブル1[[#This Row],[描画状況]]="",RAND()+(テーブル1[[#This Row],[列2]]*100),""),RAND()) | R52: 済 | S52: =IF(AND(テーブル1[[#This Row],[描画状況]]="済",テーブル1[[#This Row],[投稿状況]]=""),RAND(),"") | T52: ="|&image("&テーブル1[[#This Row],[画像]]&".png,width=100,height=100)" -> |&image(jiura-kazagiri.png,width=100,height=100) | U52: ="|MIDDLE:​"&テーブル1[[#This Row],[名前]] -> |MIDDLE:​ジウラ・カザギリ | V52: ="|MIDDLE:​"&テーブル1[[#This Row],[なまえ]] -> |MIDDLE:​じうら かざぎり | W52: ="|MIDDLE:​"&テーブル1[[#This Row],[Name]] -> |MIDDLE:​Jiura Kazagiri | X52: ="|MIDDLE:​&link(配布所はこちら){​"&テーブル1[[#This Row],[リンク]]&"}|" -> |MIDDLE:​&link(配布所はこちら){​https://tsukimiya0728.wixsite.com/silverbullet}|
A53: 52 | B53: =SUBSTITUTE(SUBSTITUTE(SUBSTITUTE(SUBSTITUTE(SUBSTITUTE(SUBSTITUTE(SUBSTITUTE(SUBSTITUTE(LOWER(テーブル1[[#This Row],[Name]])," ","-"),".","-"),"&","-"),"_","-"),"・","-"),"=","-"),"--","-"),"--","-") -> shion | C53: シオン | D53: しおん | E53: Shion | F53: https://nichikuniku1129063.wixsite.com/website-3 | G53: #Pietà_ | N53: 済 | O53: =テーブル1[[#This Row],[リンク]]&テーブル1[[#This Row],[描画状況]] -> https://nichikuniku1129063.wixsite.com/website-3済 | P53: =1-(COUNTIF(O:O,_xlfn.TEXTJOIN(",",TRUE,テーブル1[[#This Row],[リンク]],テーブル1[[#This Row],[描画状況]]))/COUNTIF(F:F,テーブル1[[#This Row],[リンク]])) -> 1 | Q53: =IFERROR(IF(テーブル1[[#This Row],[描画状況]]="",RAND()+(テーブル1[[#This Row],[列2]]*100),""),RAND()) | R53: 済 | S53: =IF(AND(テーブル1[[#This Row],[描画状況]]="済",テーブル1[[#This Row],[投稿状況]]=""),RAND(),"") | T53: ="|&image("&テーブル1[[#This Row],[画像]]&".png,width=100,height=100)" -> |&image(shion.png,width=100,height=100) | U53: ="|MIDDLE:​"&テーブル1[[#This Row],[名前]] -> |MIDDLE:​シオン | V53: ="|MIDDLE:​"&テーブル1[[#This Row],[なまえ]] -> |MIDDLE:​しおん | W53: ="|MIDDLE:​"&テーブル1[[#This Row],[Name]] -> |MIDDLE:​Shion | X53: ="|MIDDLE:​&link(配布所はこちら){​"&テーブル1[[#This Row],[リンク]]&"}|" -> |MIDDLE:​&link(配布所はこちら){​https://nichikuniku1129063.wixsite.com/website-3}|
A54: 53 | B54: =SUBSTITUTE(SUBSTITUTE(SUBSTITUTE(SUBSTITUTE(SUBSTITUTE(SUBSTITUTE(SUBSTITUTE(SUBSTITUTE(LOWER(テーブル1[[#This Row],[Name]])," ","-"),".","-"),"&","-"),"_","-"),"・","-"),"=","-"),"--","-"),"--","-") -> shion-miyo | C54: 偲音ミヨ | D54: しおん みよ | E54: Shion Miyo | F54: https://utau.kurotsuka.xyz | G54: #闇塚亭 | M54: 〇 / 必要 | N54: 済 | O54: =テーブル1[[#This Row],[リンク]]&テーブル1[[#This Row],[描画状況]] -> https://utau.kurotsuka.xyz済 | P54: =1-(COUNTIF(O:O,_xlfn.TEXTJOIN(",",TRUE,テーブル1[[#This Row],[リンク]],テーブル1[[#This Row],[描画状況]]))/COUNTIF(F:F,テーブル1[[#This Row],[リンク]])) -> 1 | Q54: =IFERROR(IF(テーブル1[[#This Row],[描画状況]]="",RAND()+(テーブル1[[#This Row],[列2]]*100),""),RAND()) | R54: 済 | S54: =IF(AND(テーブル1[[#This Row],[描画状況]]="済",テーブル1[[#This Row],[投稿状況]]=""),RAND(),"") | T54: ="|&image("&テーブル1[[#This Row],[画像]]&".png,width=100,height=100)" -> |&image(shion-miyo.png,width=100,height=100) | U54: ="|MIDDLE:​"&テーブル1[[#This Row],[名前]] -> |MIDDLE:​偲音ミヨ | V54: ="|MIDDLE:​"&テーブル1[[#This Row],[なまえ]] -> |MIDDLE:​しおん みよ | W54: ="|MIDDLE:​"&テーブル1[[#This Row],[Name]] -> |MIDDLE:​Shion Miyo | X54: ="|MIDDLE:​&link(配布所はこちら){​"&テーブル1[[#This Row],[リンク]]&"}|" -> |MIDDLE:​&link(配布所はこちら){​https://utau.kurotsuka.xyz}|
A55: 54 | B55: =SUBSTITUTE(SUBSTITUTE(SUBSTITUTE(SUBSTITUTE(SUBSTITUTE(SUBSTITUTE(SUBSTITUTE(SUBSTITUTE(LOWER(テーブル1[[#This Row],[Name]])," ","-"),".","-"),"&","-"),"_","-"),"・","-"),"=","-"),"--","-"),"--","-") -> shidei | C55: 屍泥飴 | D55: しでい | E55: Shidei | F55: https://kakokyu102krbs.wixsite.com/greenmilky | G55: #グリーンミルキー | N55: 済 | O55: =テーブル1[[#This Row],[リンク]]&テーブル1[[#This Row],[描画状況]] -> https://kakokyu102krbs.wixsite.com/greenmilky済 | P55: =1-(COUNTIF(O:O,_xlfn.TEXTJOIN(",",TRUE,テーブル1[[#This Row],[リンク]],テーブル1[[#This Row],[描画状況]]))/COUNTIF(F:F,テーブル1[[#This Row],[リンク]])) -> 1 | Q55: =IFERROR(IF(テーブル1[[#This Row],[描画状況]]="",RAND()+(テーブル1[[#This Row],[列2]]*100),""),RAND()) | R55: 済 | S55: =IF(AND(テーブル1[[#This Row],[描画状況]]="済",テーブル1[[#This Row],[投稿状況]]=""),RAND(),"") | T55: ="|&image("&テーブル1[[#This Row],[画像]]&".png,width=100,height=100)" -> |&image(shidei.png,width=100,height=100) | U55: ="|MIDDLE:​"&テーブル1[[#This Row],[名前]] -> |MIDDLE:​屍泥飴 | V55: ="|MIDDLE:​"&テーブル1[[#This Row],[なまえ]] -> |MIDDLE:​しでい | W55: ="|MIDDLE:​"&テーブル1[[#This Row],[Name]] -> |MIDDLE:​Shidei | X55: ="|MIDDLE:​&link(配布所はこちら){​"&テーブル1[[#This Row],[リンク]]&"}|" -> |MIDDLE:​&link(配布所はこちら){​https://kakokyu102krbs.wixsite.com/greenmilky}|
A56: 55 | B56: =SUBSTITUTE(SUBSTITUTE(SUBSTITUTE(SUBSTITUTE(SUBSTITUTE(SUBSTITUTE(SUBSTITUTE(SUBSTITUTE(LOWER(テーブル1[[#This Row],[Name]])," ","-"),".","-"),"&","-"),"_","-"),"・","-"),"=","-"),"--","-"),"--","-") -> shinri | C56: 心理 | D56: しんり | E56: Shinri | F56: https://shinri517.wixsite.com/shinri0517 | G56: #心理相談ダイヤル | N56: 済 | O56: =テーブル1[[#This Row],[リンク]]&テーブル1[[#This Row],[描画状況]] -> https://shinri517.wixsite.com/shinri0517済 | P56: =1-(COUNTIF(O:O,_xlfn.TEXTJOIN(",",TRUE,テーブル1[[#This Row],[リンク]],テーブル1[[#This Row],[描画状況]]))/COUNTIF(F:F,テーブル1[[#This Row],[リンク]])) -> 1 | Q56: =IFERROR(IF(テーブル1[[#This Row],[描画状況]]="",RAND()+(テーブル1[[#This Row],[列2]]*100),""),RAND()) | R56: 済 | S56: =IF(AND(テーブル1[[#This Row],[描画状況]]="済",テーブル1[[#This Row],[投稿状況]]=""),RAND(),"") | T56: ="|&image("&テーブル1[[#This Row],[画像]]&".png,width=100,height=100)" -> |&image(shinri.png,width=100,height=100) | U56: ="|MIDDLE:​"&テーブル1[[#This Row],[名前]] -> |MIDDLE:​心理 | V56: ="|MIDDLE:​"&テーブル1[[#This Row],[なまえ]] -> |MIDDLE:​しんり | W56: ="|MIDDLE:​"&テーブル1[[#This Row],[Name]] -> |MIDDLE:​Shinri | X56: ="|MIDDLE:​&link(配布所はこちら){​"&テーブル1[[#This Row],[リンク]]&"}|" -> |MIDDLE:​&link(配布所はこちら){​https://shinri517.wixsite.com/shinri0517}|
A57: 56 | B57: =SUBSTITUTE(SUBSTITUTE(SUBSTITUTE(SUBSTITUTE(SUBSTITUTE(SUBSTITUTE(SUBSTITUTE(SUBSTITUTE(LOWER(テーブル1[[#This Row],[Name]])," ","-"),".","-"),"&","-"),"_","-"),"・","-"),"=","-"),"--","-"),"--","-") -> sui | C57: すい | D57: すい | E57: Sui | F57: https://minazukiringo.wixsite.com/amatsubu | G57: #あまつぶと声 | N57: 済 | O57: =テーブル1[[#This Row],[リンク]]&テーブル1[[#This Row],[描画状況]] -> https://minazukiringo.wixsite.com/amatsubu済 | P57: =1-(COUNTIF(O:O,_xlfn.TEXTJOIN(",",TRUE,テーブル1[[#This Row],[リンク]],テーブル1[[#This Row],[描画状況]]))/COUNTIF(F:F,テーブル1[[#This Row],[リンク]])) -> 1 | Q57: =IFERROR(IF(テーブル1[[#This Row],[描画状況]]="",RAND()+(テーブル1[[#This Row],[列2]]*100),""),RAND()) | R57: 済 | S57: =IF(AND(テーブル1[[#This Row],[描画状況]]="済",テーブル1[[#This Row],[投稿状況]]=""),RAND(),"") | T57: ="|&image("&テーブル1[[#This Row],[画像]]&".png,width=100,height=100)" -> |&image(sui.png,width=100,height=100) | U57: ="|MIDDLE:​"&テーブル1[[#This Row],[名前]] -> |MIDDLE:​すい | V57: ="|MIDDLE:​"&テーブル1[[#This Row],[なまえ]] -> |MIDDLE:​すい | W57: ="|MIDDLE:​"&テーブル1[[#This Row],[Name]] -> |MIDDLE:​Sui | X57: ="|MIDDLE:​&link(配布所はこちら){​"&テーブル1[[#This Row],[リンク]]&"}|" -> |MIDDLE:​&link(配布所はこちら){​https://minazukiringo.wixsite.com/amatsubu}|
A58: 57 | B58: =SUBSTITUTE(SUBSTITUTE(SUBSTITUTE(SUBSTITUTE(SUBSTITUTE(SUBSTITUTE(SUBSTITUTE(SUBSTITUTE(LOWER(テーブル1[[#This Row],[Name]])," ","-"),".","-"),"&","-"),"_","-"),"・","-"),"=","-"),"--","-"),"--","-") -> suzuno-suzu | C58: 鈴音スズ | D58: すずの すず | E58: Suzuno Suzu | F58: https://bellsworks.wixsite.com/bellsworks | G58: #べるずわーくす | M58: 〇 / 必要 | N58: 済 | O58: =テーブル1[[#This Row],[リンク]]&テーブル1[[#This Row],[描画状況]] -> https://bellsworks.wixsite.com/bellsworks済 | P58: =1-(COUNTIF(O:O,_xlfn.TEXTJOIN(",",TRUE,テーブル1[[#This Row],[リンク]],テーブル1[[#This Row],[描画状況]]))/COUNTIF(F:F,テーブル1[[#This Row],[リンク]])) -> 1 | Q58: =IFERROR(IF(テーブル1[[#This Row],[描画状況]]="",RAND()+(テーブル1[[#This Row],[列2]]*100),""),RAND()) | R58: 済 | S58: =IF(AND(テーブル1[[#This Row],[描画状況]]="済",テーブル1[[#This Row],[投稿状況]]=""),RAND(),"") | T58: ="|&image("&テーブル1[[#This Row],[画像]]&".png,width=100,height=100)" -> |&image(suzuno-suzu.png,width=100,height=100) | U58: ="|MIDDLE:​"&テーブル1[[#This Row],[名前]] -> |MIDDLE:​鈴音スズ | V58: ="|MIDDLE:​"&テーブル1[[#This Row],[なまえ]] -> |MIDDLE:​すずの すず | W58: ="|MIDDLE:​"&テーブル1[[#This Row],[Name]] -> |MIDDLE:​Suzuno Suzu | X58: ="|MIDDLE:​&link(配布所はこちら){​"&テーブル1[[#This Row],[リンク]]&"}|" -> |MIDDLE:​&link(配布所はこちら){​https://bellsworks.wixsite.com/bellsworks}|
A59: 58 | B59: =SUBSTITUTE(SUBSTITUTE(SUBSTITUTE(SUBSTITUTE(SUBSTITUTE(SUBSTITUTE(SUBSTITUTE(SUBSTITUTE(LOWER(テーブル1[[#This Row],[Name]])," ","-"),".","-"),"&","-"),"_","-"),"・","-"),"=","-"),"--","-"),"--","-") -> suzuno-mion | C59: 鈴音ミオン | D59: すずの みおん | E59: Suzuno Mion | F59: https://bellsworks.wixsite.com/bellsworks | G59: #べるずわーくす | M59: 〇 / 必要 | N59: 済 | O59: =テーブル1[[#This Row],[リンク]]&テーブル1[[#This Row],[描画状況]] -> https://bellsworks.wixsite.com/bellsworks済 | P59: =1-(COUNTIF(O:O,_xlfn.TEXTJOIN(",",TRUE,テーブル1[[#This Row],[リンク]],テーブル1[[#This Row],[描画状況]]))/COUNTIF(F:F,テーブル1[[#This Row],[リンク]])) -> 1 | Q59: =IFERROR(IF(テーブル1[[#This Row],[描画状況]]="",RAND()+(テーブル1[[#This Row],[列2]]*100),""),RAND()) | R59: 済 | S59: =IF(AND(テーブル1[[#This Row],[描画状況]]="済",テーブル1[[#This Row],[投稿状況]]=""),RAND(),"") | T59: ="|&image("&テーブル1[[#This Row],[画像]]&".png,width=100,height=100)" -> |&image(suzuno-mion.png,width=100,height=100) | U59: ="|MIDDLE:​"&テーブル1[[#This Row],[名前]] -> |MIDDLE:​鈴音ミオン | V59: ="|MIDDLE:​"&テーブル1[[#This Row],[なまえ]] -> |MIDDLE:​すずの みおん | W59: ="|MIDDLE:​"&テーブル1[[#This Row],[Name]] -> |MIDDLE:​Suzuno Mion | X59: ="|MIDDLE:​&link(配布所はこちら){​"&テーブル1[[#This Row],[リンク]]&"}|" -> |MIDDLE:​&link(配布所はこちら){​https://bellsworks.wixsite.com/bellsworks}|
A60: 59 | B60: =SUBSTITUTE(SUBSTITUTE(SUBSTITUTE(SUBSTITUTE(SUBSTITUTE(SUBSTITUTE(SUBSTITUTE(SUBSTITUTE(LOWER(テーブル1[[#This Row],[Name]])," ","-"),".","-"),"&","-"),"_","-"),"・","-"),"=","-"),"--","-"),"--","-") -> seiun-amato | C60: 星雲アマト | D60: せいうん あまと | E60: Seiun Amato | F60: https://offlamingo21.wixsite.com/amato-seiun | G60: #星雲アマト | N60: 済 | O60: =テーブル1[[#This Row],[リンク]]&テーブル1[[#This Row],[描画状況]] -> https://offlamingo21.wixsite.com/amato-seiun済 | P60: =1-(COUNTIF(O:O,_xlfn.TEXTJOIN(",",TRUE,テーブル1[[#This Row],[リンク]],テーブル1[[#This Row],[描画状況]]))/COUNTIF(F:F,テーブル1[[#This Row],[リンク]])) -> 1 | Q60: =IFERROR(IF(テーブル1[[#This Row],[描画状況]]="",RAND()+(テーブル1[[#This Row],[列2]]*100),""),RAND()) | R60: 済 | S60: =IF(AND(テーブル1[[#This Row],[描画状況]]="済",テーブル1[[#This Row],[投稿状況]]=""),RAND(),"") | T60: ="|&image("&テーブル1[[#This Row],[画像]]&".png,width=100,height=100)" -> |&image(seiun-amato.png,width=100,height=100) | U60: ="|MIDDLE:​"&テーブル1[[#This Row],[名前]] -> |MIDDLE:​星雲アマト | V60: ="|MIDDLE:​"&テーブル1[[#This Row],[なまえ]] -> |MIDDLE:​せいうん あまと | W60: ="|MIDDLE:​"&テーブル1[[#This Row],[Name]] -> |MIDDLE:​Seiun Amato | X60: ="|MIDDLE:​&link(配布所はこちら){​"&テーブル1[[#This Row],[リンク]]&"}|" -> |MIDDLE:​&link(配布所はこちら){​https://offlamingo21.wixsite.com/amato-seiun}|
A61: 60 | B61: =SUBSTITUTE(SUBSTITUTE(SUBSTITUTE(SUBSTITUTE(SUBSTITUTE(SUBSTITUTE(SUBSTITUTE(SUBSTITUTE(LOWER(テーブル1[[#This Row],[Name]])," ","-"),".","-"),"&","-"),"_","-"),"・","-"),"=","-"),"--","-"),"--","-") -> sennomiya-sirou | C61: 仟乃宮紫狼 | D61: せんのみや しろう | E61: Sennomiya Sirou | F61: http://park2.wakwak.com/~mbox/vo/hk/hkfre.htm | G61: #仟乃宮紫狼 | M61: 〇 / 必要 | N61: 済 | O61: =テーブル1[[#This Row],[リンク]]&テーブル1[[#This Row],[描画状況]] -> http://park2.wakwak.com/~mbox/vo/hk/hkfre.htm済 | P61: =1-(COUNTIF(O:O,_xlfn.TEXTJOIN(",",TRUE,テーブル1[[#This Row],[リンク]],テーブル1[[#This Row],[描画状況]]))/COUNTIF(F:F,テーブル1[[#This Row],[リンク]])) -> 1 | Q61: =IFERROR(IF(テーブル1[[#This Row],[描画状況]]="",RAND()+(テーブル1[[#This Row],[列2]]*100),""),RAND()) | R61: 済 | S61: =IF(AND(テーブル1[[#This Row],[描画状況]]="済",テーブル1[[#This Row],[投稿状況]]=""),RAND(),"") | T61: ="|&image("&テーブル1[[#This Row],[画像]]&".png,width=100,height=100)" -> |&image(sennomiya-sirou.png,width=100,height=100) | U61: ="|MIDDLE:​"&テーブル1[[#This Row],[名前]] -> |MIDDLE:​仟乃宮紫狼 | V61: ="|MIDDLE:​"&テーブル1[[#This Row],[なまえ]] -> |MIDDLE:​せんのみや しろう | W61: ="|MIDDLE:​"&テーブル1[[#This Row],[Name]] -> |MIDDLE:​Sennomiya Sirou | X61: ="|MIDDLE:​&link(配布所はこちら){​"&テーブル1[[#This Row],[リンク]]&"}|" -> |MIDDLE:​&link(配布所はこちら){​http://park2.wakwak.com/~mbox/vo/hk/hkfre.htm}|
A62: 61 | B62: =SUBSTITUTE(SUBSTITUTE(SUBSTITUTE(SUBSTITUTE(SUBSTITUTE(SUBSTITUTE(SUBSTITUTE(SUBSTITUTE(LOWER(テーブル1[[#This Row],[Name]])," ","-"),".","-"),"&","-"),"_","-"),"・","-"),"=","-"),"--","-"),"--","-") -> sorane-nanashi | C62: ​星音ななし | D62: そらね ななし | E62: Sorane Nanashi | F62: https://rinnneuta.wixsite.com/my-site-2?s=09 | G62: #君の心音は星の音 | N62: 済 | O62: =テーブル1[[#This Row],[リンク]]&テーブル1[[#This Row],[描画状況]] -> https://rinnneuta.wixsite.com/my-site-2?s=09済 | P62: =1-(COUNTIF(O:O,_xlfn.TEXTJOIN(",",TRUE,テーブル1[[#This Row],[リンク]],テーブル1[[#This Row],[描画状況]]))/COUNTIF(F:F,テーブル1[[#This Row],[リンク]])) -> 1 | Q62: =IFERROR(IF(テーブル1[[#This Row],[描画状況]]="",RAND()+(テーブル1[[#This Row],[列2]]*100),""),RAND()) | R62: 済 | S62: =IF(AND(テーブル1[[#This Row],[描画状況]]="済",テーブル1[[#This Row],[投稿状況]]=""),RAND(),"") | T62: ="|&image("&テーブル1[[#This Row],[画像]]&".png,width=100,height=100)" -> |&image(sorane-nanashi.png,width=100,height=100) | U62: ="|MIDDLE:​"&テーブル1[[#This Row],[名前]] -> |MIDDLE:​​星音ななし | V62: ="|MIDDLE:​"&テーブル1[[#This Row],[なまえ]] -> |MIDDLE:​そらね ななし | W62: ="|MIDDLE:​"&テーブル1[[#This Row],[Name]] -> |MIDDLE:​Sorane Nanashi | X62: ="|MIDDLE:​&link(配布所はこちら){​"&テーブル1[[#This Row],[リンク]]&"}|" -> |MIDDLE:​&link(配布所はこちら){​https://rinnneuta.wixsite.com/my-site-2?s=09}|
A63: 62 | B63: =SUBSTITUTE(SUBSTITUTE(SUBSTITUTE(SUBSTITUTE(SUBSTITUTE(SUBSTITUTE(SUBSTITUTE(SUBSTITUTE(LOWER(テーブル1[[#This Row],[Name]])," ","-"),".","-"),"&","-"),"_","-"),"・","-"),"=","-"),"--","-"),"--","-") -> chimori-hakaze | C63: ​地守葉風 | D63: ちもり はかぜ | E63: Chimori Hakaze | F63: https://lenskkpb.wixsite.com/len-sakaki-official | G63: #地守葉風 | N63: 済 | O63: =テーブル1[[#This Row],[リンク]]&テーブル1[[#This Row],[描画状況]] -> https://lenskkpb.wixsite.com/len-sakaki-official済 | P63: =1-(COUNTIF(O:O,_xlfn.TEXTJOIN(",",TRUE,テーブル1[[#This Row],[リンク]],テーブル1[[#This Row],[描画状況]]))/COUNTIF(F:F,テーブル1[[#This Row],[リンク]])) -> 1 | Q63: =IFERROR(IF(テーブル1[[#This Row],[描画状況]]="",RAND()+(テーブル1[[#This Row],[列2]]*100),""),RAND()) | R63: 済 | S63: =IF(AND(テーブル1[[#This Row],[描画状況]]="済",テーブル1[[#This Row],[投稿状況]]=""),RAND(),"") | T63: ="|&image("&テーブル1[[#This Row],[画像]]&".png,width=100,height=100)" -> |&image(chimori-hakaze.png,width=100,height=100) | U63: ="|MIDDLE:​"&テーブル1[[#This Row],[名前]] -> |MIDDLE:​​地守葉風 | V63: ="|MIDDLE:​"&テーブル1[[#This Row],[なまえ]] -> |MIDDLE:​ちもり はかぜ | W63: ="|MIDDLE:​"&テーブル1[[#This Row],[Name]] -> |MIDDLE:​Chimori Hakaze | X63: ="|MIDDLE:​&link(配布所はこちら){​"&テーブル1[[#This Row],[リンク]]&"}|" -> |MIDDLE:​&link(配布所はこちら){​https://lenskkpb.wixsite.com/len-sakaki-official}|
A64: 63 | B64: =SUBSTITUTE(SUBSTITUTE(SUBSTITUTE(SUBSTITUTE(SUBSTITUTE(SUBSTITUTE(SUBSTITUTE(SUBSTITUTE(LOWER(テーブル1[[#This Row],[Name]])," ","-"),".","-"),"&","-"),"_","-"),"・","-"),"=","-"),"--","-"),"--","-") -> chaka-nari | C64: 茶歌成 | D64: ちゃか なり | E64: Chaka Nari | F64: https://chaka000.wixsite.com/chaka | G64: #御茶と歌 | M64: 〇 / 不要 | N64: 済 | O64: =テーブル1[[#This Row],[リンク]]&テーブル1[[#This Row],[描画状況]] -> https://chaka000.wixsite.com/chaka済 | P64: =1-(COUNTIF(O:O,_xlfn.TEXTJOIN(",",TRUE,テーブル1[[#This Row],[リンク]],テーブル1[[#This Row],[描画状況]]))/COUNTIF(F:F,テーブル1[[#This Row],[リンク]])) -> 1 | Q64: =IFERROR(IF(テーブル1[[#This Row],[描画状況]]="",RAND()+(テーブル1[[#This Row],[列2]]*100),""),RAND()) | R64: 済 | S64: =IF(AND(テーブル1[[#This Row],[描画状況]]="済",テーブル1[[#This Row],[投稿状況]]=""),RAND(),"") | T64: ="|&image("&テーブル1[[#This Row],[画像]]&".png,width=100,height=100)" -> |&image(chaka-nari.png,width=100,height=100) | U64: ="|MIDDLE:​"&テーブル1[[#This Row],[名前]] -> |MIDDLE:​茶歌成 | V64: ="|MIDDLE:​"&テーブル1[[#This Row],[なまえ]] -> |MIDDLE:​ちゃか なり | W64: ="|MIDDLE:​"&テーブル1[[#This Row],[Name]] -> |MIDDLE:​Chaka Nari | X64: ="|MIDDLE:​&link(配布所はこちら){​"&テーブル1[[#This Row],[リンク]]&"}|" -> |MIDDLE:​&link(配布所はこちら){​https://chaka000.wixsite.com/chaka}|
A65: 64 | B65: =SUBSTITUTE(SUBSTITUTE(SUBSTITUTE(SUBSTITUTE(SUBSTITUTE(SUBSTITUTE(SUBSTITUTE(SUBSTITUTE(LOWER(テーブル1[[#This Row],[Name]])," ","-"),".","-"),"&","-"),"_","-"),"・","-"),"=","-"),"--","-"),"--","-") -> chankonabe | C65: ちゃんこ鍋 | D65: ちゃんこなべ | E65: Chankonabe | F65: https://ichistart.wixsite.com/official/respiaker | G65: #ichistar | H65: 男性 | I65: 機械 | K65: ヘッドホン | M65: 〇 / 不要 | N65: 済 | O65: =テーブル1[[#This Row],[リンク]]&テーブル1[[#This Row],[描画状況]] -> https://ichistart.wixsite.com/official/respiaker済 | P65: =1-(COUNTIF(O:O,_xlfn.TEXTJOIN(",",TRUE,テーブル1[[#This Row],[リンク]],テーブル1[[#This Row],[描画状況]]))/COUNTIF(F:F,テーブル1[[#This Row],[リンク]])) -> 1 | Q65: =IFERROR(IF(テーブル1[[#This Row],[描画状況]]="",RAND()+(テーブル1[[#This Row],[列2]]*100),""),RAND()) | R65: 済 | S65: =IF(AND(テーブル1[[#This Row],[描画状況]]="済",テーブル1[[#This Row],[投稿状況]]=""),RAND(),"") | T65: ="|&image("&テーブル1[[#This Row],[画像]]&".png,width=100,height=100)" -> |&image(chankonabe.png,width=100,height=100) | U65: ="|MIDDLE:​"&テーブル1[[#This Row],[名前]] -> |MIDDLE:​ちゃんこ鍋 | V65: ="|MIDDLE:​"&テーブル1[[#This Row],[なまえ]] -> |MIDDLE:​ちゃんこなべ | W65: ="|MIDDLE:​"&テーブル1[[#This Row],[Name]] -> |MIDDLE:​Chankonabe | X65: ="|MIDDLE:​&link(配布所はこちら){​"&テーブル1[[#This Row],[リンク]]&"}|" -> |MIDDLE:​&link(配布所はこちら){​https://ichistart.wixsite.com/official/respiaker}|
A66: 65 | B66: =SUBSTITUTE(SUBSTITUTE(SUBSTITUTE(SUBSTITUTE(SUBSTITUTE(SUBSTITUTE(SUBSTITUTE(SUBSTITUTE(LOWER(テーブル1[[#This Row],[Name]])," ","-"),".","-"),"&","-"),"_","-"),"・","-"),"=","-"),"--","-"),"--","-") -> chunne-haiki | C66: 椿音灰鬼 | D66: ちゅんね はいき | E66: Chunne Haiki | F66: https://chunyinhui021.wixsite.com/mutyuusaisei | G66: #無中彩声 | M66: 〇 / 必要 | N66: 済 | O66: =テーブル1[[#This Row],[リンク]]&テーブル1[[#This Row],[描画状況]] -> https://chunyinhui021.wixsite.com/mutyuusaisei済 | P66: =1-(COUNTIF(O:O,_xlfn.TEXTJOIN(",",TRUE,テーブル1[[#This Row],[リンク]],テーブル1[[#This Row],[描画状況]]))/COUNTIF(F:F,テーブル1[[#This Row],[リンク]])) -> 1 | Q66: =IFERROR(IF(テーブル1[[#This Row],[描画状況]]="",RAND()+(テーブル1[[#This Row],[列2]]*100),""),RAND()) | R66: 済 | S66: =IF(AND(テーブル1[[#This Row],[描画状況]]="済",テーブル1[[#This Row],[投稿状況]]=""),RAND(),"") | T66: ="|&image("&テーブル1[[#This Row],[画像]]&".png,width=100,height=100)" -> |&image(chunne-haiki.png,width=100,height=100) | U66: ="|MIDDLE:​"&テーブル1[[#This Row],[名前]] -> |MIDDLE:​椿音灰鬼 | V66: ="|MIDDLE:​"&テーブル1[[#This Row],[なまえ]] -> |MIDDLE:​ちゅんね はいき | W66: ="|MIDDLE:​"&テーブル1[[#This Row],[Name]] -> |MIDDLE:​Chunne Haiki | X66: ="|MIDDLE:​&link(配布所はこちら){​"&テーブル1[[#This Row],[リンク]]&"}|" -> |MIDDLE:​&link(配布所はこちら){​https://chunyinhui021.wixsite.com/mutyuusaisei}|
A67: 66 | B67: =SUBSTITUTE(SUBSTITUTE(SUBSTITUTE(SUBSTITUTE(SUBSTITUTE(SUBSTITUTE(SUBSTITUTE(SUBSTITUTE(LOWER(テーブル1[[#This Row],[Name]])," ","-"),".","-"),"&","-"),"_","-"),"・","-"),"=","-"),"--","-"),"--","-") -> tsukumo-ichioto | C67: 九十九一音​ | D67: つくも いちおと | E67: Tsukumo Ichioto | F67: https://yukiichik.wixsite.com/kokofool/utau | G67: #KODOMEROIDO | N67: 済 | O67: =テーブル1[[#This Row],[リンク]]&テーブル1[[#This Row],[描画状況]] -> https://yukiichik.wixsite.com/kokofool/utau済 | P67: =1-(COUNTIF(O:O,_xlfn.TEXTJOIN(",",TRUE,テーブル1[[#This Row],[リンク]],テーブル1[[#This Row],[描画状況]]))/COUNTIF(F:F,テーブル1[[#This Row],[リンク]])) -> 1 | Q67: =IFERROR(IF(テーブル1[[#This Row],[描画状況]]="",RAND()+(テーブル1[[#This Row],[列2]]*100),""),RAND()) | R67: 済 | S67: =IF(AND(テーブル1[[#This Row],[描画状況]]="済",テーブル1[[#This Row],[投稿状況]]=""),RAND(),"") | T67: ="|&image("&テーブル1[[#This Row],[画像]]&".png,width=100,height=100)" -> |&image(tsukumo-ichioto.png,width=100,height=100) | U67: ="|MIDDLE:​"&テーブル1[[#This Row],[名前]] -> |MIDDLE:​九十九一音​ | V67: ="|MIDDLE:​"&テーブル1[[#This Row],[なまえ]] -> |MIDDLE:​つくも いちおと | W67: ="|MIDDLE:​"&テーブル1[[#This Row],[Name]] -> |MIDDLE:​Tsukumo Ichioto | X67: ="|MIDDLE:​&link(配布所はこちら){​"&テーブル1[[#This Row],[リンク]]&"}|" -> |MIDDLE:​&link(配布所はこちら){​https://yukiichik.wixsite.com/kokofool/utau}|
A68: 67 | B68: =SUBSTITUTE(SUBSTITUTE(SUBSTITUTE(SUBSTITUTE(SUBSTITUTE(SUBSTITUTE(SUBSTITUTE(SUBSTITUTE(LOWER(テーブル1[[#This Row],[Name]])," ","-"),".","-"),"&","-"),"_","-"),"・","-"),"=","-"),"--","-"),"--","-") -> tsukurine-mika | C68: 創音みか | D68: つくりね みか | E68: Tsukurine Mika | F68: https://nananasyrup.wixsite.com/13kka | G68: #いちみっか | N68: 済 | O68: =テーブル1[[#This Row],[リンク]]&テーブル1[[#This Row],[描画状況]] -> https://nananasyrup.wixsite.com/13kka済 | P68: =1-(COUNTIF(O:O,_xlfn.TEXTJOIN(",",TRUE,テーブル1[[#This Row],[リンク]],テーブル1[[#This Row],[描画状況]]))/COUNTIF(F:F,テーブル1[[#This Row],[リンク]])) -> 1 | Q68: =IFERROR(IF(テーブル1[[#This Row],[描画状況]]="",RAND()+(テーブル1[[#This Row],[列2]]*100),""),RAND()) | R68: 済 | S68: =IF(AND(テーブル1[[#This Row],[描画状況]]="済",テーブル1[[#This Row],[投稿状況]]=""),RAND(),"") | T68: ="|&image("&テーブル1[[#This Row],[画像]]&".png,width=100,height=100)" -> |&image(tsukurine-mika.png,width=100,height=100) | U68: ="|MIDDLE:​"&テーブル1[[#This Row],[名前]] -> |MIDDLE:​創音みか | V68: ="|MIDDLE:​"&テーブル1[[#This Row],[なまえ]] -> |MIDDLE:​つくりね みか | W68: ="|MIDDLE:​"&テーブル1[[#This Row],[Name]] -> |MIDDLE:​Tsukurine Mika | X68: ="|MIDDLE:​&link(配布所はこちら){​"&テーブル1[[#This Row],[リンク]]&"}|" -> |MIDDLE:​&link(配布所はこちら){​https://nananasyrup.wixsite.com/13kka}|
A69: 68 | B69: =SUBSTITUTE(SUBSTITUTE(SUBSTITUTE(SUBSTITUTE(SUBSTITUTE(SUBSTITUTE(SUBSTITUTE(SUBSTITUTE(LOWER(テーブル1[[#This Row],[Name]])," ","-"),".","-"),"&","-"),"_","-"),"・","-"),"=","-"),"--","-"),"--","-") -> tsurune-sutera | C69: ​弦音ステラ | D69: つるね すてら | E69: Tsurune Sutera | F69: https://bellsworks.wixsite.com/bellsworks | G69: #べるずわーくす | M69: 〇 / 必要 | N69: 済 | O69: =テーブル1[[#This Row],[リンク]]&テーブル1[[#This Row],[描画状況]] -> https://bellsworks.wixsite.com/bellsworks済 | P69: =1-(COUNTIF(O:O,_xlfn.TEXTJOIN(",",TRUE,テーブル1[[#This Row],[リンク]],テーブル1[[#This Row],[描画状況]]))/COUNTIF(F:F,テーブル1[[#This Row],[リンク]])) -> 1 | Q69: =IFERROR(IF(テーブル1[[#This Row],[描画状況]]="",RAND()+(テーブル1[[#This Row],[列2]]*100),""),RAND()) | R69: 済 | S69: =IF(AND(テーブル1[[#This Row],[描画状況]]="済",テーブル1[[#This Row],[投稿状況]]=""),RAND(),"") | T69: ="|&image("&テーブル1[[#This Row],[画像]]&".png,width=100,height=100)" -> |&image(tsurune-sutera.png,width=100,height=100) | U69: ="|MIDDLE:​"&テーブル1[[#This Row],[名前]] -> |MIDDLE:​​弦音ステラ | V69: ="|MIDDLE:​"&テーブル1[[#This Row],[なまえ]] -> |MIDDLE:​つるね すてら | W69: ="|MIDDLE:​"&テーブル1[[#This Row],[Name]] -> |MIDDLE:​Tsurune Sutera | X69: ="|MIDDLE:​&link(配布所はこちら){​"&テーブル1[[#This Row],[リンク]]&"}|" -> |MIDDLE:​&link(配布所はこちら){​https://bellsworks.wixsite.com/bellsworks}|
A70: 69 | B70: =SUBSTITUTE(SUBSTITUTE(SUBSTITUTE(SUBSTITUTE(SUBSTITUTE(SUBSTITUTE(SUBSTITUTE(SUBSTITUTE(LOWER(テーブル1[[#This Row],[Name]])," ","-"),".","-"),"&","-"),"_","-"),"・","-"),"=","-"),"--","-"),"--","-") -> terado-rabu | C70: 寺戸ラヴ | D70: てらど らぶ | E70: Terado Rabu | F70: https://witchdoll.jimdofree.com | G70: #きちゃーと | N70: 済 | O70: =テーブル1[[#This Row],[リンク]]&テーブル1[[#This Row],[描画状況]] -> https://witchdoll.jimdofree.com済 | P70: =1-(COUNTIF(O:O,_xlfn.TEXTJOIN(",",TRUE,テーブル1[[#This Row],[リンク]],テーブル1[[#This Row],[描画状況]]))/COUNTIF(F:F,テーブル1[[#This Row],[リンク]])) -> 1 | Q70: =IFERROR(IF(テーブル1[[#This Row],[描画状況]]="",RAND()+(テーブル1[[#This Row],[列2]]*100),""),RAND()) | R70: 済 | S70: =IF(AND(テーブル1[[#This Row],[描画状況]]="済",テーブル1[[#This Row],[投稿状況]]=""),RAND(),"") | T70: ="|&image("&テーブル1[[#This Row],[画像]]&".png,width=100,height=100)" -> |&image(terado-rabu.png,width=100,height=100) | U70: ="|MIDDLE:​"&テーブル1[[#This Row],[名前]] -> |MIDDLE:​寺戸ラヴ | V70: ="|MIDDLE:​"&テーブル1[[#This Row],[なまえ]] -> |MIDDLE:​てらど らぶ | W70: ="|MIDDLE:​"&テーブル1[[#This Row],[Name]] -> |MIDDLE:​Terado Rabu | X70: ="|MIDDLE:​&link(配布所はこちら){​"&テーブル1[[#This Row],[リンク]]&"}|" -> |MIDDLE:​&link(配布所はこちら){​https://witchdoll.jimdofree.com}|
A71: 70 | B71: =SUBSTITUTE(SUBSTITUTE(SUBSTITUTE(SUBSTITUTE(SUBSTITUTE(SUBSTITUTE(SUBSTITUTE(SUBSTITUTE(LOWER(テーブル1[[#This Row],[Name]])," ","-"),".","-"),"&","-"),"_","-"),"・","-"),"=","-"),"--","-"),"--","-") -> teranaga-toichi | C71: 寺永十逸 | D71: てらなが とおいち | E71: Teranaga Toichi | F71: https://yukiichik.wixsite.com/kokofool/utau | G71: #KODOMEROIDO | N71: 済 | O71: =テーブル1[[#This Row],[リンク]]&テーブル1[[#This Row],[描画状況]] -> https://yukiichik.wixsite.com/kokofool/utau済 | P71: =1-(COUNTIF(O:O,_xlfn.TEXTJOIN(",",TRUE,テーブル1[[#This Row],[リンク]],テーブル1[[#This Row],[描画状況]]))/COUNTIF(F:F,テーブル1[[#This Row],[リンク]])) -> 1 | Q71: =IFERROR(IF(テーブル1[[#This Row],[描画状況]]="",RAND()+(テーブル1[[#This Row],[列2]]*100),""),RAND()) | R71: 済 | S71: =IF(AND(テーブル1[[#This Row],[描画状況]]="済",テーブル1[[#This Row],[投稿状況]]=""),RAND(),"") | T71: ="|&image("&テーブル1[[#This Row],[画像]]&".png,width=100,height=100)" -> |&image(teranaga-toichi.png,width=100,height=100) | U71: ="|MIDDLE:​"&テーブル1[[#This Row],[名前]] -> |MIDDLE:​寺永十逸 | V71: ="|MIDDLE:​"&テーブル1[[#This Row],[なまえ]] -> |MIDDLE:​てらなが とおいち | W71: ="|MIDDLE:​"&テーブル1[[#This Row],[Name]] -> |MIDDLE:​Teranaga Toichi | X71: ="|MIDDLE:​&link(配布所はこちら){​"&テーブル1[[#This Row],[リンク]]&"}|" -> |MIDDLE:​&link(配布所はこちら){​https://yukiichik.wixsite.com/kokofool/utau}|
A72: 71 | B72: =SUBSTITUTE(SUBSTITUTE(SUBSTITUTE(SUBSTITUTE(SUBSTITUTE(SUBSTITUTE(SUBSTITUTE(SUBSTITUTE(LOWER(テーブル1[[#This Row],[Name]])," ","-"),".","-"),"&","-"),"_","-"),"・","-"),"=","-"),"--","-"),"--","-") -> tota-hisame | C72: 透唄氷雨 | D72: とうた ひさめ | E72: Tota Hisame | F72: https://suihankinonaka.wixsite.com/my-site-1 | G72: #お米炊けたよ | N72: 済 | O72: =テーブル1[[#This Row],[リンク]]&テーブル1[[#This Row],[描画状況]] -> https://suihankinonaka.wixsite.com/my-site-1済 | P72: =1-(COUNTIF(O:O,_xlfn.TEXTJOIN(",",TRUE,テーブル1[[#This Row],[リンク]],テーブル1[[#This Row],[描画状況]]))/COUNTIF(F:F,テーブル1[[#This Row],[リンク]])) -> 1 | Q72: =IFERROR(IF(テーブル1[[#This Row],[描画状況]]="",RAND()+(テーブル1[[#This Row],[列2]]*100),""),RAND()) | R72: 済 | S72: =IF(AND(テーブル1[[#This Row],[描画状況]]="済",テーブル1[[#This Row],[投稿状況]]=""),RAND(),"") | T72: ="|&image("&テーブル1[[#This Row],[画像]]&".png,width=100,height=100)" -> |&image(tota-hisame.png,width=100,height=100) | U72: ="|MIDDLE:​"&テーブル1[[#This Row],[名前]] -> |MIDDLE:​透唄氷雨 | V72: ="|MIDDLE:​"&テーブル1[[#This Row],[なまえ]] -> |MIDDLE:​とうた ひさめ | W72: ="|MIDDLE:​"&テーブル1[[#This Row],[Name]] -> |MIDDLE:​Tota Hisame | X72: ="|MIDDLE:​&link(配布所はこちら){​"&テーブル1[[#This Row],[リンク]]&"}|" -> |MIDDLE:​&link(配布所はこちら){​https://suihankinonaka.wixsite.com/my-site-1}|
A73: 72 | B73: =SUBSTITUTE(SUBSTITUTE(SUBSTITUTE(SUBSTITUTE(SUBSTITUTE(SUBSTITUTE(SUBSTITUTE(SUBSTITUTE(LOWER(テーブル1[[#This Row],[Name]])," ","-"),".","-"),"&","-"),"_","-"),"・","-"),"=","-"),"--","-"),"--","-") -> todoroki-madara | C73: 轟まだら | D73: とどろき まだら | E73: Todoroki Madara | F73: https://suihankinonaka.wixsite.com/my-site-1 | G73: #お米炊けたよ | N73: 済 | O73: =テーブル1[[#This Row],[リンク]]&テーブル1[[#This Row],[描画状況]] -> https://suihankinonaka.wixsite.com/my-site-1済 | P73: =1-(COUNTIF(O:O,_xlfn.TEXTJOIN(",",TRUE,テーブル1[[#This Row],[リンク]],テーブル1[[#This Row],[描画状況]]))/COUNTIF(F:F,テーブル1[[#This Row],[リンク]])) -> 1 | Q73: =IFERROR(IF(テーブル1[[#This Row],[描画状況]]="",RAND()+(テーブル1[[#This Row],[列2]]*100),""),RAND()) | R73: 済 | S73: =IF(AND(テーブル1[[#This Row],[描画状況]]="済",テーブル1[[#This Row],[投稿状況]]=""),RAND(),"") | T73: ="|&image("&テーブル1[[#This Row],[画像]]&".png,width=100,height=100)" -> |&image(todoroki-madara.png,width=100,height=100) | U73: ="|MIDDLE:​"&テーブル1[[#This Row],[名前]] -> |MIDDLE:​轟まだら | V73: ="|MIDDLE:​"&テーブル1[[#This Row],[なまえ]] -> |MIDDLE:​とどろき まだら | W73: ="|MIDDLE:​"&テーブル1[[#This Row],[Name]] -> |MIDDLE:​Todoroki Madara | X73: ="|MIDDLE:​&link(配布所はこちら){​"&テーブル1[[#This Row],[リンク]]&"}|" -> |MIDDLE:​&link(配布所はこちら){​https://suihankinonaka.wixsite.com/my-site-1}|
A74: 73 | B74: =SUBSTITUTE(SUBSTITUTE(SUBSTITUTE(SUBSTITUTE(SUBSTITUTE(SUBSTITUTE(SUBSTITUTE(SUBSTITUTE(LOWER(テーブル1[[#This Row],[Name]])," ","-"),".","-"),"&","-"),"_","-"),"・","-"),"=","-"),"--","-"),"--","-") -> doba-juga | C74: 駑馬十駕 | D74: どば じゅうが | E74: Doba Juga | F74: https://lit.link/nemukoneko | G74: #十駕走行録 | N74: 済 | O74: =テーブル1[[#This Row],[リンク]]&テーブル1[[#This Row],[描画状況]] -> https://lit.link/nemukoneko済 | P74: =1-(COUNTIF(O:O,_xlfn.TEXTJOIN(",",TRUE,テーブル1[[#This Row],[リンク]],テーブル1[[#This Row],[描画状況]]))/COUNTIF(F:F,テーブル1[[#This Row],[リンク]])) -> 1 | Q74: =IFERROR(IF(テーブル1[[#This Row],[描画状況]]="",RAND()+(テーブル1[[#This Row],[列2]]*100),""),RAND()) | R74: 済 | S74: =IF(AND(テーブル1[[#This Row],[描画状況]]="済",テーブル1[[#This Row],[投稿状況]]=""),RAND(),"") | T74: ="|&image("&テーブル1[[#This Row],[画像]]&".png,width=100,height=100)" -> |&image(doba-juga.png,width=100,height=100) | U74: ="|MIDDLE:​"&テーブル1[[#This Row],[名前]] -> |MIDDLE:​駑馬十駕 | V74: ="|MIDDLE:​"&テーブル1[[#This Row],[なまえ]] -> |MIDDLE:​どば じゅうが | W74: ="|MIDDLE:​"&テーブル1[[#This Row],[Name]] -> |MIDDLE:​Doba Juga | X74: ="|MIDDLE:​&link(配布所はこちら){​"&テーブル1[[#This Row],[リンク]]&"}|" -> |MIDDLE:​&link(配布所はこちら){​https://lit.link/nemukoneko}|
A75: 74 | B75: =SUBSTITUTE(SUBSTITUTE(SUBSTITUTE(SUBSTITUTE(SUBSTITUTE(SUBSTITUTE(SUBSTITUTE(SUBSTITUTE(LOWER(テーブル1[[#This Row],[Name]])," ","-"),".","-"),"&","-"),"_","-"),"・","-"),"=","-"),"--","-"),"--","-") -> torune-tea | C75: 取音テア | D75: とるね てあ | E75: Torune Tea | F75: https://amiseniamnu.wixsite.com/amisenia | G75: #取音テア | M75: 〇 / 不要 | N75: 済 | O75: =テーブル1[[#This Row],[リンク]]&テーブル1[[#This Row],[描画状況]] -> https://amiseniamnu.wixsite.com/amisenia済 | P75: =1-(COUNTIF(O:O,_xlfn.TEXTJOIN(",",TRUE,テーブル1[[#This Row],[リンク]],テーブル1[[#This Row],[描画状況]]))/COUNTIF(F:F,テーブル1[[#This Row],[リンク]])) -> 1 | Q75: =IFERROR(IF(テーブル1[[#This Row],[描画状況]]="",RAND()+(テーブル1[[#This Row],[列2]]*100),""),RAND()) | R75: 済 | S75: =IF(AND(テーブル1[[#This Row],[描画状況]]="済",テーブル1[[#This Row],[投稿状況]]=""),RAND(),"") | T75: ="|&image("&テーブル1[[#This Row],[画像]]&".png,width=100,height=100)" -> |&image(torune-tea.png,width=100,height=100) | U75: ="|MIDDLE:​"&テーブル1[[#This Row],[名前]] -> |MIDDLE:​取音テア | V75: ="|MIDDLE:​"&テーブル1[[#This Row],[なまえ]] -> |MIDDLE:​とるね てあ | W75: ="|MIDDLE:​"&テーブル1[[#This Row],[Name]] -> |MIDDLE:​Torune Tea | X75: ="|MIDDLE:​&link(配布所はこちら){​"&テーブル1[[#This Row],[リンク]]&"}|" -> |MIDDLE:​&link(配布所はこちら){​https://amiseniamnu.wixsite.com/amisenia}|
A76: 75 | B76: =SUBSTITUTE(SUBSTITUTE(SUBSTITUTE(SUBSTITUTE(SUBSTITUTE(SUBSTITUTE(SUBSTITUTE(SUBSTITUTE(LOWER(テーブル1[[#This Row],[Name]])," ","-"),".","-"),"&","-"),"_","-"),"・","-"),"=","-"),"--","-"),"--","-") -> dolln | C76: ドルン | D76: どるん | E76: Dolln | F76: https://seirentoybox.jimdofree.com | G76: #セレソー作 | H76: 女性 | I76: 人形 | K76: リボン | M76: 〇 / 不要 | N76: 済 | O76: =テーブル1[[#This Row],[リンク]]&テーブル1[[#This Row],[描画状況]] -> https://seirentoybox.jimdofree.com済 | P76: =1-(COUNTIF(O:O,_xlfn.TEXTJOIN(",",TRUE,テーブル1[[#This Row],[リンク]],テーブル1[[#This Row],[描画状況]]))/COUNTIF(F:F,テーブル1[[#This Row],[リンク]])) -> 1 | Q76: =IFERROR(IF(テーブル1[[#This Row],[描画状況]]="",RAND()+(テーブル1[[#This Row],[列2]]*100),""),RAND()) | R76: 済 | S76: =IF(AND(テーブル1[[#This Row],[描画状況]]="済",テーブル1[[#This Row],[投稿状況]]=""),RAND(),"") | T76: ="|&image("&テーブル1[[#This Row],[画像]]&".png,width=100,height=100)" -> |&image(dolln.png,width=100,height=100) | U76: ="|MIDDLE:​"&テーブル1[[#This Row],[名前]] -> |MIDDLE:​ドルン | V76: ="|MIDDLE:​"&テーブル1[[#This Row],[なまえ]] -> |MIDDLE:​どるん | W76: ="|MIDDLE:​"&テーブル1[[#This Row],[Name]] -> |MIDDLE:​Dolln | X76: ="|MIDDLE:​&link(配布所はこちら){​"&テーブル1[[#This Row],[リンク]]&"}|" -> |MIDDLE:​&link(配布所はこちら){​https://seirentoybox.jimdofree.com}|
A77: 76 | B77: =SUBSTITUTE(SUBSTITUTE(SUBSTITUTE(SUBSTITUTE(SUBSTITUTE(SUBSTITUTE(SUBSTITUTE(SUBSTITUTE(LOWER(テーブル1[[#This Row],[Name]])," ","-"),".","-"),"&","-"),"_","-"),"・","-"),"=","-"),"--","-"),"--","-") -> nurserobot-typet | C77: ナースロボ_タイプT | D77: なーすろぼ_たいぷてぃ | E77: NurseRobot_TypeT | F77: https://www.krnr.top | G77: #ナースロボ_タイプＴ | N77: 済 | O77: =テーブル1[[#This Row],[リンク]]&テーブル1[[#This Row],[描画状況]] -> https://www.krnr.top済 | P77: =1-(COUNTIF(O:O,_xlfn.TEXTJOIN(",",TRUE,テーブル1[[#This Row],[リンク]],テーブル1[[#This Row],[描画状況]]))/COUNTIF(F:F,テーブル1[[#This Row],[リンク]])) -> 1 | Q77: =IFERROR(IF(テーブル1[[#This Row],[描画状況]]="",RAND()+(テーブル1[[#This Row],[列2]]*100),""),RAND()) | R77: 済 | S77: =IF(AND(テーブル1[[#This Row],[描画状況]]="済",テーブル1[[#This Row],[投稿状況]]=""),RAND(),"") | T77: ="|&image("&テーブル1[[#This Row],[画像]]&".png,width=100,height=100)" -> |&image(nurserobot-typet.png,width=100,height=100) | U77: ="|MIDDLE:​"&テーブル1[[#This Row],[名前]] -> |MIDDLE:​ナースロボ_タイプT | V77: ="|MIDDLE:​"&テーブル1[[#This Row],[なまえ]] -> |MIDDLE:​なーすろぼ_たいぷてぃ | W77: ="|MIDDLE:​"&テーブル1[[#This Row],[Name]] -> |MIDDLE:​NurseRobot_TypeT | X77: ="|MIDDLE:​&link(配布所はこちら){​"&テーブル1[[#This Row],[リンク]]&"}|" -> |MIDDLE:​&link(配布所はこちら){​https://www.krnr.top}|
A78: 77 | B78: =SUBSTITUTE(SUBSTITUTE(SUBSTITUTE(SUBSTITUTE(SUBSTITUTE(SUBSTITUTE(SUBSTITUTE(SUBSTITUTE(LOWER(テーブル1[[#This Row],[Name]])," ","-"),".","-"),"&","-"),"_","-"),"・","-"),"=","-"),"--","-"),"--","-") -> nagakura-miji | C78: 詠冥ミジ | D78: ながくら みじ | E78: Nagakura Miji | F78: https://666not.wixsite.com/partition-voyage | G78: #ミジのみち | M78: 〇 / 不要 | N78: 済 | O78: =テーブル1[[#This Row],[リンク]]&テーブル1[[#This Row],[描画状況]] -> https://666not.wixsite.com/partition-voyage済 | P78: =1-(COUNTIF(O:O,_xlfn.TEXTJOIN(",",TRUE,テーブル1[[#This Row],[リンク]],テーブル1[[#This Row],[描画状況]]))/COUNTIF(F:F,テーブル1[[#This Row],[リンク]])) -> 1 | Q78: =IFERROR(IF(テーブル1[[#This Row],[描画状況]]="",RAND()+(テーブル1[[#This Row],[列2]]*100),""),RAND()) | R78: 済 | S78: =IF(AND(テーブル1[[#This Row],[描画状況]]="済",テーブル1[[#This Row],[投稿状況]]=""),RAND(),"") | T78: ="|&image("&テーブル1[[#This Row],[画像]]&".png,width=100,height=100)" -> |&image(nagakura-miji.png,width=100,height=100) | U78: ="|MIDDLE:​"&テーブル1[[#This Row],[名前]] -> |MIDDLE:​詠冥ミジ | V78: ="|MIDDLE:​"&テーブル1[[#This Row],[なまえ]] -> |MIDDLE:​ながくら みじ | W78: ="|MIDDLE:​"&テーブル1[[#This Row],[Name]] -> |MIDDLE:​Nagakura Miji | X78: ="|MIDDLE:​&link(配布所はこちら){​"&テーブル1[[#This Row],[リンク]]&"}|" -> |MIDDLE:​&link(配布所はこちら){​https://666not.wixsite.com/partition-voyage}|
A79: 78 | B79: =SUBSTITUTE(SUBSTITUTE(SUBSTITUTE(SUBSTITUTE(SUBSTITUTE(SUBSTITUTE(SUBSTITUTE(SUBSTITUTE(LOWER(テーブル1[[#This Row],[Name]])," ","-"),".","-"),"&","-"),"_","-"),"・","-"),"=","-"),"--","-"),"--","-") -> nagarene-nanashi | C79: 流音ナナシ | D79: ながれね ななし | E79: Nagarene Nanashi | F79: https://rinnneuta.wixsite.com/my-site-2?s=09 | G79: #君の心音は星の音 | N79: 済 | O79: =テーブル1[[#This Row],[リンク]]&テーブル1[[#This Row],[描画状況]] -> https://rinnneuta.wixsite.com/my-site-2?s=09済 | P79: =1-(COUNTIF(O:O,_xlfn.TEXTJOIN(",",TRUE,テーブル1[[#This Row],[リンク]],テーブル1[[#This Row],[描画状況]]))/COUNTIF(F:F,テーブル1[[#This Row],[リンク]])) -> 1 | Q79: =IFERROR(IF(テーブル1[[#This Row],[描画状況]]="",RAND()+(テーブル1[[#This Row],[列2]]*100),""),RAND()) | R79: 済 | S79: =IF(AND(テーブル1[[#This Row],[描画状況]]="済",テーブル1[[#This Row],[投稿状況]]=""),RAND(),"") | T79: ="|&image("&テーブル1[[#This Row],[画像]]&".png,width=100,height=100)" -> |&image(nagarene-nanashi.png,width=100,height=100) | U79: ="|MIDDLE:​"&テーブル1[[#This Row],[名前]] -> |MIDDLE:​流音ナナシ | V79: ="|MIDDLE:​"&テーブル1[[#This Row],[なまえ]] -> |MIDDLE:​ながれね ななし | W79: ="|MIDDLE:​"&テーブル1[[#This Row],[Name]] -> |MIDDLE:​Nagarene Nanashi | X79: ="|MIDDLE:​&link(配布所はこちら){​"&テーブル1[[#This Row],[リンク]]&"}|" -> |MIDDLE:​&link(配布所はこちら){​https://rinnneuta.wixsite.com/my-site-2?s=09}|
A80: 79 | B80: =SUBSTITUTE(SUBSTITUTE(SUBSTITUTE(SUBSTITUTE(SUBSTITUTE(SUBSTITUTE(SUBSTITUTE(SUBSTITUTE(LOWER(テーブル1[[#This Row],[Name]])," ","-"),".","-"),"&","-"),"_","-"),"・","-"),"=","-"),"--","-"),"--","-") -> nakogaki-itsuki | C80: 猫垣一姫 | D80: なこがき いつき | E80: Nakogaki Itsuki | F80: http://park2.wakwak.com/~mbox/vo/hk/hkfre.htm | G80: #猫垣一姫 | M80: 〇 / 必要 | N80: 済 | O80: =テーブル1[[#This Row],[リンク]]&テーブル1[[#This Row],[描画状況]] -> http://park2.wakwak.com/~mbox/vo/hk/hkfre.htm済 | P80: =1-(COUNTIF(O:O,_xlfn.TEXTJOIN(",",TRUE,テーブル1[[#This Row],[リンク]],テーブル1[[#This Row],[描画状況]]))/COUNTIF(F:F,テーブル1[[#This Row],[リンク]])) -> 1 | Q80: =IFERROR(IF(テーブル1[[#This Row],[描画状況]]="",RAND()+(テーブル1[[#This Row],[列2]]*100),""),RAND()) | R80: 済 | S80: =IF(AND(テーブル1[[#This Row],[描画状況]]="済",テーブル1[[#This Row],[投稿状況]]=""),RAND(),"") | T80: ="|&image("&テーブル1[[#This Row],[画像]]&".png,width=100,height=100)" -> |&image(nakogaki-itsuki.png,width=100,height=100) | U80: ="|MIDDLE:​"&テーブル1[[#This Row],[名前]] -> |MIDDLE:​猫垣一姫 | V80: ="|MIDDLE:​"&テーブル1[[#This Row],[なまえ]] -> |MIDDLE:​なこがき いつき | W80: ="|MIDDLE:​"&テーブル1[[#This Row],[Name]] -> |MIDDLE:​Nakogaki Itsuki | X80: ="|MIDDLE:​&link(配布所はこちら){​"&テーブル1[[#This Row],[リンク]]&"}|" -> |MIDDLE:​&link(配布所はこちら){​http://park2.wakwak.com/~mbox/vo/hk/hkfre.htm}|
A81: 80 | B81: =SUBSTITUTE(SUBSTITUTE(SUBSTITUTE(SUBSTITUTE(SUBSTITUTE(SUBSTITUTE(SUBSTITUTE(SUBSTITUTE(LOWER(テーブル1[[#This Row],[Name]])," ","-"),".","-"),"&","-"),"_","-"),"・","-"),"=","-"),"--","-"),"--","-") -> nadene-komari | C81: 撫音小鞠 | D81: なでね こまり | E81: Nadene Komari | F81: https://lonelyapple011.wixsite.com/nadenade | G81: #撫音小鞠 | N81: 済 | O81: =テーブル1[[#This Row],[リンク]]&テーブル1[[#This Row],[描画状況]] -> https://lonelyapple011.wixsite.com/nadenade済 | P81: =1-(COUNTIF(O:O,_xlfn.TEXTJOIN(",",TRUE,テーブル1[[#This Row],[リンク]],テーブル1[[#This Row],[描画状況]]))/COUNTIF(F:F,テーブル1[[#This Row],[リンク]])) -> 1 | Q81: =IFERROR(IF(テーブル1[[#This Row],[描画状況]]="",RAND()+(テーブル1[[#This Row],[列2]]*100),""),RAND()) | R81: 済 | S81: =IF(AND(テーブル1[[#This Row],[描画状況]]="済",テーブル1[[#This Row],[投稿状況]]=""),RAND(),"") | T81: ="|&image("&テーブル1[[#This Row],[画像]]&".png,width=100,height=100)" -> |&image(nadene-komari.png,width=100,height=100) | U81: ="|MIDDLE:​"&テーブル1[[#This Row],[名前]] -> |MIDDLE:​撫音小鞠 | V81: ="|MIDDLE:​"&テーブル1[[#This Row],[なまえ]] -> |MIDDLE:​なでね こまり | W81: ="|MIDDLE:​"&テーブル1[[#This Row],[Name]] -> |MIDDLE:​Nadene Komari | X81: ="|MIDDLE:​&link(配布所はこちら){​"&テーブル1[[#This Row],[リンク]]&"}|" -> |MIDDLE:​&link(配布所はこちら){​https://lonelyapple011.wixsite.com/nadenade}|
A82: 81 | B82: =SUBSTITUTE(SUBSTITUTE(SUBSTITUTE(SUBSTITUTE(SUBSTITUTE(SUBSTITUTE(SUBSTITUTE(SUBSTITUTE(LOWER(テーブル1[[#This Row],[Name]])," ","-"),".","-"),"&","-"),"_","-"),"・","-"),"=","-"),"--","-"),"--","-") -> nekomimiuchufuku | C82: 猫耳宇宙服 | D82: ねこみみうちゅうふく | E82: Nekomimiuchufuku | F82: https://nyaruru.wixsite.com/s-p-w | G82: #mono_猫耳宇宙服 | N82: 済 | O82: =テーブル1[[#This Row],[リンク]]&テーブル1[[#This Row],[描画状況]] -> https://nyaruru.wixsite.com/s-p-w済 | P82: =1-(COUNTIF(O:O,_xlfn.TEXTJOIN(",",TRUE,テーブル1[[#This Row],[リンク]],テーブル1[[#This Row],[描画状況]]))/COUNTIF(F:F,テーブル1[[#This Row],[リンク]])) -> 1 | Q82: =IFERROR(IF(テーブル1[[#This Row],[描画状況]]="",RAND()+(テーブル1[[#This Row],[列2]]*100),""),RAND()) | R82: 済 | S82: =IF(AND(テーブル1[[#This Row],[描画状況]]="済",テーブル1[[#This Row],[投稿状況]]=""),RAND(),"") | T82: ="|&image("&テーブル1[[#This Row],[画像]]&".png,width=100,height=100)" -> |&image(nekomimiuchufuku.png,width=100,height=100) | U82: ="|MIDDLE:​"&テーブル1[[#This Row],[名前]] -> |MIDDLE:​猫耳宇宙服 | V82: ="|MIDDLE:​"&テーブル1[[#This Row],[なまえ]] -> |MIDDLE:​ねこみみうちゅうふく | W82: ="|MIDDLE:​"&テーブル1[[#This Row],[Name]] -> |MIDDLE:​Nekomimiuchufuku | X82: ="|MIDDLE:​&link(配布所はこちら){​"&テーブル1[[#This Row],[リンク]]&"}|" -> |MIDDLE:​&link(配布所はこちら){​https://nyaruru.wixsite.com/s-p-w}|
A83: 82 | B83: =SUBSTITUTE(SUBSTITUTE(SUBSTITUTE(SUBSTITUTE(SUBSTITUTE(SUBSTITUTE(SUBSTITUTE(SUBSTITUTE(LOWER(テーブル1[[#This Row],[Name]])," ","-"),".","-"),"&","-"),"_","-"),"・","-"),"=","-"),"--","-"),"--","-") -> nemui-you | C83: 眠井ヨウ | D83: ねむい よう | E83: Nemui You | F83: https://sysynmnm.wixsite.com/oyasumi-zzz | G83: #ひつじの寝床 | N83: 済 | O83: =テーブル1[[#This Row],[リンク]]&テーブル1[[#This Row],[描画状況]] -> https://sysynmnm.wixsite.com/oyasumi-zzz済 | P83: =1-(COUNTIF(O:O,_xlfn.TEXTJOIN(",",TRUE,テーブル1[[#This Row],[リンク]],テーブル1[[#This Row],[描画状況]]))/COUNTIF(F:F,テーブル1[[#This Row],[リンク]])) -> 1 | Q83: =IFERROR(IF(テーブル1[[#This Row],[描画状況]]="",RAND()+(テーブル1[[#This Row],[列2]]*100),""),RAND()) | R83: 済 | S83: =IF(AND(テーブル1[[#This Row],[描画状況]]="済",テーブル1[[#This Row],[投稿状況]]=""),RAND(),"") | T83: ="|&image("&テーブル1[[#This Row],[画像]]&".png,width=100,height=100)" -> |&image(nemui-you.png,width=100,height=100) | U83: ="|MIDDLE:​"&テーブル1[[#This Row],[名前]] -> |MIDDLE:​眠井ヨウ | V83: ="|MIDDLE:​"&テーブル1[[#This Row],[なまえ]] -> |MIDDLE:​ねむい よう | W83: ="|MIDDLE:​"&テーブル1[[#This Row],[Name]] -> |MIDDLE:​Nemui You | X83: ="|MIDDLE:​&link(配布所はこちら){​"&テーブル1[[#This Row],[リンク]]&"}|" -> |MIDDLE:​&link(配布所はこちら){​https://sysynmnm.wixsite.com/oyasumi-zzz}|
A84: 83 | B84: =SUBSTITUTE(SUBSTITUTE(SUBSTITUTE(SUBSTITUTE(SUBSTITUTE(SUBSTITUTE(SUBSTITUTE(SUBSTITUTE(LOWER(テーブル1[[#This Row],[Name]])," ","-"),".","-"),"&","-"),"_","-"),"・","-"),"=","-"),"--","-"),"--","-") -> nemura-nai | C84: 寝村ナイ | D84: ねむら ない | E84: Nemura Nai | F84: https://sysynmnm.wixsite.com/oyasumi-zzz | G84: #ひつじの寝床 | N84: 済 | O84: =テーブル1[[#This Row],[リンク]]&テーブル1[[#This Row],[描画状況]] -> https://sysynmnm.wixsite.com/oyasumi-zzz済 | P84: =1-(COUNTIF(O:O,_xlfn.TEXTJOIN(",",TRUE,テーブル1[[#This Row],[リンク]],テーブル1[[#This Row],[描画状況]]))/COUNTIF(F:F,テーブル1[[#This Row],[リンク]])) -> 1 | Q84: =IFERROR(IF(テーブル1[[#This Row],[描画状況]]="",RAND()+(テーブル1[[#This Row],[列2]]*100),""),RAND()) | R84: 済 | S84: =IF(AND(テーブル1[[#This Row],[描画状況]]="済",テーブル1[[#This Row],[投稿状況]]=""),RAND(),"") | T84: ="|&image("&テーブル1[[#This Row],[画像]]&".png,width=100,height=100)" -> |&image(nemura-nai.png,width=100,height=100) | U84: ="|MIDDLE:​"&テーブル1[[#This Row],[名前]] -> |MIDDLE:​寝村ナイ | V84: ="|MIDDLE:​"&テーブル1[[#This Row],[なまえ]] -> |MIDDLE:​ねむら ない | W84: ="|MIDDLE:​"&テーブル1[[#This Row],[Name]] -> |MIDDLE:​Nemura Nai | X84: ="|MIDDLE:​&link(配布所はこちら){​"&テーブル1[[#This Row],[リンク]]&"}|" -> |MIDDLE:​&link(配布所はこちら){​https://sysynmnm.wixsite.com/oyasumi-zzz}|
A85: 84 | B85: =SUBSTITUTE(SUBSTITUTE(SUBSTITUTE(SUBSTITUTE(SUBSTITUTE(SUBSTITUTE(SUBSTITUTE(SUBSTITUTE(LOWER(テーブル1[[#This Row],[Name]])," ","-"),".","-"),"&","-"),"_","-"),"・","-"),"=","-"),"--","-"),"--","-") -> nenneko | C85: ねんねこ | D85: ねんねこ | E85: Nenneko | F85: https://lit.link/nemukoneko | G85: #ねんねこちゃんろぐ | N85: 済 | O85: =テーブル1[[#This Row],[リンク]]&テーブル1[[#This Row],[描画状況]] -> https://lit.link/nemukoneko済 | P85: =1-(COUNTIF(O:O,_xlfn.TEXTJOIN(",",TRUE,テーブル1[[#This Row],[リンク]],テーブル1[[#This Row],[描画状況]]))/COUNTIF(F:F,テーブル1[[#This Row],[リンク]])) -> 1 | Q85: =IFERROR(IF(テーブル1[[#This Row],[描画状況]]="",RAND()+(テーブル1[[#This Row],[列2]]*100),""),RAND()) | R85: 済 | S85: =IF(AND(テーブル1[[#This Row],[描画状況]]="済",テーブル1[[#This Row],[投稿状況]]=""),RAND(),"") | T85: ="|&image("&テーブル1[[#This Row],[画像]]&".png,width=100,height=100)" -> |&image(nenneko.png,width=100,height=100) | U85: ="|MIDDLE:​"&テーブル1[[#This Row],[名前]] -> |MIDDLE:​ねんねこ | V85: ="|MIDDLE:​"&テーブル1[[#This Row],[なまえ]] -> |MIDDLE:​ねんねこ | W85: ="|MIDDLE:​"&テーブル1[[#This Row],[Name]] -> |MIDDLE:​Nenneko | X85: ="|MIDDLE:​&link(配布所はこちら){​"&テーブル1[[#This Row],[リンク]]&"}|" -> |MIDDLE:​&link(配布所はこちら){​https://lit.link/nemukoneko}|
A86: 85 | B86: =SUBSTITUTE(SUBSTITUTE(SUBSTITUTE(SUBSTITUTE(SUBSTITUTE(SUBSTITUTE(SUBSTITUTE(SUBSTITUTE(LOWER(テーブル1[[#This Row],[Name]])," ","-"),".","-"),"&","-"),"_","-"),"・","-"),"=","-"),"--","-"),"--","-") -> nozoki-miro | C86: 覗キ視炉 | D86: のぞき みろ | E86: Nozoki Miro | F86: - | G86: =テーブル1[[#This Row],[名前]]&"(UTAU)" -> 覗キ視炉(UTAU) | M86: 〇 / 不要 | N86: 済 | O86: =テーブル1[[#This Row],[リンク]]&テーブル1[[#This Row],[描画状況]] -> -済 | P86: =1-(COUNTIF(O:O,_xlfn.TEXTJOIN(",",TRUE,テーブル1[[#This Row],[リンク]],テーブル1[[#This Row],[描画状況]]))/COUNTIF(F:F,テーブル1[[#This Row],[リンク]])) -> 1 | Q86: =IFERROR(IF(テーブル1[[#This Row],[描画状況]]="",RAND()+(テーブル1[[#This Row],[列2]]*100),""),RAND()) | R86: 済 | S86: =IF(AND(テーブル1[[#This Row],[描画状況]]="済",テーブル1[[#This Row],[投稿状況]]=""),RAND(),"") | T86: ="|&image("&テーブル1[[#This Row],[画像]]&".png,width=100,height=100)" -> |&image(nozoki-miro.png,width=100,height=100) | U86: ="|MIDDLE:​"&テーブル1[[#This Row],[名前]] -> |MIDDLE:​覗キ視炉 | V86: ="|MIDDLE:​"&テーブル1[[#This Row],[なまえ]] -> |MIDDLE:​のぞき みろ | W86: ="|MIDDLE:​"&テーブル1[[#This Row],[Name]] -> |MIDDLE:​Nozoki Miro | X86: ="|MIDDLE:​&link(配布所はこちら){​"&テーブル1[[#This Row],[リンク]]&"}|" -> |MIDDLE:​&link(配布所はこちら){​-}|
A87: 86 | B87: =SUBSTITUTE(SUBSTITUTE(SUBSTITUTE(SUBSTITUTE(SUBSTITUTE(SUBSTITUTE(SUBSTITUTE(SUBSTITUTE(LOWER(テーブル1[[#This Row],[Name]])," ","-"),".","-"),"&","-"),"_","-"),"・","-"),"=","-"),"--","-"),"--","-") -> higeki-muripo | C87: 悲檄むりぽ | D87: ひげき むりぽ | E87: Higeki Muripo | F87: https://seirentoybox.jimdofree.com | G87: #セレソー作 | H87: 男性 | I87: 妖精|双子 | J87: サーカス団員 | K87: リボン | L87: ギザ歯 | M87: 〇 / 不要 | N87: 済 | O87: =テーブル1[[#This Row],[リンク]]&テーブル1[[#This Row],[描画状況]] -> https://seirentoybox.jimdofree.com済 | P87: =1-(COUNTIF(O:O,_xlfn.TEXTJOIN(",",TRUE,テーブル1[[#This Row],[リンク]],テーブル1[[#This Row],[描画状況]]))/COUNTIF(F:F,テーブル1[[#This Row],[リンク]])) -> 1 | Q87: =IFERROR(IF(テーブル1[[#This Row],[描画状況]]="",RAND()+(テーブル1[[#This Row],[列2]]*100),""),RAND()) | R87: 済 | S87: =IF(AND(テーブル1[[#This Row],[描画状況]]="済",テーブル1[[#This Row],[投稿状況]]=""),RAND(),"") | T87: ="|&image("&テーブル1[[#This Row],[画像]]&".png,width=100,height=100)" -> |&image(higeki-muripo.png,width=100,height=100) | U87: ="|MIDDLE:​"&テーブル1[[#This Row],[名前]] -> |MIDDLE:​悲檄むりぽ | V87: ="|MIDDLE:​"&テーブル1[[#This Row],[なまえ]] -> |MIDDLE:​ひげき むりぽ | W87: ="|MIDDLE:​"&テーブル1[[#This Row],[Name]] -> |MIDDLE:​Higeki Muripo | X87: ="|MIDDLE:​&link(配布所はこちら){​"&テーブル1[[#This Row],[リンク]]&"}|" -> |MIDDLE:​&link(配布所はこちら){​https://seirentoybox.jimdofree.com}|
A88: 87 | B88: =SUBSTITUTE(SUBSTITUTE(SUBSTITUTE(SUBSTITUTE(SUBSTITUTE(SUBSTITUTE(SUBSTITUTE(SUBSTITUTE(LOWER(テーブル1[[#This Row],[Name]])," ","-"),".","-"),"&","-"),"_","-"),"・","-"),"=","-"),"--","-"),"--","-") -> fis | C88: フィス | D88: ふぃす | E88: Fis | F88: https://seirentoybox.jimdofree.com | G88: #セレソー作 | H88: 男性 | I88: 人間 | K88: 眼鏡 | L88: 片目隠れ | M88: 〇 / 不要 | N88: 済 | O88: =テーブル1[[#This Row],[リンク]]&テーブル1[[#This Row],[描画状況]] -> https://seirentoybox.jimdofree.com済 | P88: =1-(COUNTIF(O:O,_xlfn.TEXTJOIN(",",TRUE,テーブル1[[#This Row],[リンク]],テーブル1[[#This Row],[描画状況]]))/COUNTIF(F:F,テーブル1[[#This Row],[リンク]])) -> 1 | Q88: =IFERROR(IF(テーブル1[[#This Row],[描画状況]]="",RAND()+(テーブル1[[#This Row],[列2]]*100),""),RAND()) | R88: 済 | S88: =IF(AND(テーブル1[[#This Row],[描画状況]]="済",テーブル1[[#This Row],[投稿状況]]=""),RAND(),"") | T88: ="|&image("&テーブル1[[#This Row],[画像]]&".png,width=100,height=100)" -> |&image(fis.png,width=100,height=100) | U88: ="|MIDDLE:​"&テーブル1[[#This Row],[名前]] -> |MIDDLE:​フィス | V88: ="|MIDDLE:​"&テーブル1[[#This Row],[なまえ]] -> |MIDDLE:​ふぃす | W88: ="|MIDDLE:​"&テーブル1[[#This Row],[Name]] -> |MIDDLE:​Fis | X88: ="|MIDDLE:​&link(配布所はこちら){​"&テーブル1[[#This Row],[リンク]]&"}|" -> |MIDDLE:​&link(配布所はこちら){​https://seirentoybox.jimdofree.com}|
A89: 88 | B89: =SUBSTITUTE(SUBSTITUTE(SUBSTITUTE(SUBSTITUTE(SUBSTITUTE(SUBSTITUTE(SUBSTITUTE(SUBSTITUTE(LOWER(テーブル1[[#This Row],[Name]])," ","-"),".","-"),"&","-"),"_","-"),"・","-"),"=","-"),"--","-"),"--","-") -> abschan | C89: ふっきんちゃん | D89: ふっきんちゃん | E89: Abschan | F89: https://abschandayo.wixsite.com/abschan | G89: #ふきふき見せろ | M89: 〇 / 不要 | N89: 済 | O89: =テーブル1[[#This Row],[リンク]]&テーブル1[[#This Row],[描画状況]] -> https://abschandayo.wixsite.com/abschan済 | P89: =1-(COUNTIF(O:O,_xlfn.TEXTJOIN(",",TRUE,テーブル1[[#This Row],[リンク]],テーブル1[[#This Row],[描画状況]]))/COUNTIF(F:F,テーブル1[[#This Row],[リンク]])) -> 1 | Q89: =IFERROR(IF(テーブル1[[#This Row],[描画状況]]="",RAND()+(テーブル1[[#This Row],[列2]]*100),""),RAND()) | R89: 済 | S89: =IF(AND(テーブル1[[#This Row],[描画状況]]="済",テーブル1[[#This Row],[投稿状況]]=""),RAND(),"") | T89: ="|&image("&テーブル1[[#This Row],[画像]]&".png,width=100,height=100)" -> |&image(abschan.png,width=100,height=100) | U89: ="|MIDDLE:​"&テーブル1[[#This Row],[名前]] -> |MIDDLE:​ふっきんちゃん | V89: ="|MIDDLE:​"&テーブル1[[#This Row],[なまえ]] -> |MIDDLE:​ふっきんちゃん | W89: ="|MIDDLE:​"&テーブル1[[#This Row],[Name]] -> |MIDDLE:​Abschan | X89: ="|MIDDLE:​&link(配布所はこちら){​"&テーブル1[[#This Row],[リンク]]&"}|" -> |MIDDLE:​&link(配布所はこちら){​https://abschandayo.wixsite.com/abschan}|
A90: 89 | B90: =SUBSTITUTE(SUBSTITUTE(SUBSTITUTE(SUBSTITUTE(SUBSTITUTE(SUBSTITUTE(SUBSTITUTE(SUBSTITUTE(LOWER(テーブル1[[#This Row],[Name]])," ","-"),".","-"),"&","-"),"_","-"),"・","-"),"=","-"),"--","-"),"--","-") -> hoga-not | C90: 芳歌ノト | D90: ほうが のと | E90: Hoga Not | F90: https://uta-tsunagi.jimdofree.com | G90: #歌継荘 | N90: 済 | O90: =テーブル1[[#This Row],[リンク]]&テーブル1[[#This Row],[描画状況]] -> https://uta-tsunagi.jimdofree.com済 | P90: =1-(COUNTIF(O:O,_xlfn.TEXTJOIN(",",TRUE,テーブル1[[#This Row],[リンク]],テーブル1[[#This Row],[描画状況]]))/COUNTIF(F:F,テーブル1[[#This Row],[リンク]])) -> 1 | Q90: =IFERROR(IF(テーブル1[[#This Row],[描画状況]]="",RAND()+(テーブル1[[#This Row],[列2]]*100),""),RAND()) | R90: 済 | S90: =IF(AND(テーブル1[[#This Row],[描画状況]]="済",テーブル1[[#This Row],[投稿状況]]=""),RAND(),"") | T90: ="|&image("&テーブル1[[#This Row],[画像]]&".png,width=100,height=100)" -> |&image(hoga-not.png,width=100,height=100) | U90: ="|MIDDLE:​"&テーブル1[[#This Row],[名前]] -> |MIDDLE:​芳歌ノト | V90: ="|MIDDLE:​"&テーブル1[[#This Row],[なまえ]] -> |MIDDLE:​ほうが のと | W90: ="|MIDDLE:​"&テーブル1[[#This Row],[Name]] -> |MIDDLE:​Hoga Not | X90: ="|MIDDLE:​&link(配布所はこちら){​"&テーブル1[[#This Row],[リンク]]&"}|" -> |MIDDLE:​&link(配布所はこちら){​https://uta-tsunagi.jimdofree.com}|
A91: 90 | B91: =SUBSTITUTE(SUBSTITUTE(SUBSTITUTE(SUBSTITUTE(SUBSTITUTE(SUBSTITUTE(SUBSTITUTE(SUBSTITUTE(LOWER(テーブル1[[#This Row],[Name]])," ","-"),".","-"),"&","-"),"_","-"),"・","-"),"=","-"),"--","-"),"--","-") -> hoshikawa-tia | C91: 星河ティア | D91: ほしかわ てぃあ | E91: Hoshikawa Tia | F91: https://nyaruru.wixsite.com/s-p-w | G91: #星河ティア | N91: 済 | O91: =テーブル1[[#This Row],[リンク]]&テーブル1[[#This Row],[描画状況]] -> https://nyaruru.wixsite.com/s-p-w済 | P91: =1-(COUNTIF(O:O,_xlfn.TEXTJOIN(",",TRUE,テーブル1[[#This Row],[リンク]],テーブル1[[#This Row],[描画状況]]))/COUNTIF(F:F,テーブル1[[#This Row],[リンク]])) -> 1 | Q91: =IFERROR(IF(テーブル1[[#This Row],[描画状況]]="",RAND()+(テーブル1[[#This Row],[列2]]*100),""),RAND()) | R91: 済 | S91: =IF(AND(テーブル1[[#This Row],[描画状況]]="済",テーブル1[[#This Row],[投稿状況]]=""),RAND(),"") | T91: ="|&image("&テーブル1[[#This Row],[画像]]&".png,width=100,height=100)" -> |&image(hoshikawa-tia.png,width=100,height=100) | U91: ="|MIDDLE:​"&テーブル1[[#This Row],[名前]] -> |MIDDLE:​星河ティア | V91: ="|MIDDLE:​"&テーブル1[[#This Row],[なまえ]] -> |MIDDLE:​ほしかわ てぃあ | W91: ="|MIDDLE:​"&テーブル1[[#This Row],[Name]] -> |MIDDLE:​Hoshikawa Tia | X91: ="|MIDDLE:​&link(配布所はこちら){​"&テーブル1[[#This Row],[リンク]]&"}|" -> |MIDDLE:​&link(配布所はこちら){​https://nyaruru.wixsite.com/s-p-w}|
A92: 91 | B92: =SUBSTITUTE(SUBSTITUTE(SUBSTITUTE(SUBSTITUTE(SUBSTITUTE(SUBSTITUTE(SUBSTITUTE(SUBSTITUTE(LOWER(テーブル1[[#This Row],[Name]])," ","-"),".","-"),"&","-"),"_","-"),"・","-"),"=","-"),"--","-"),"--","-") -> hoshikawa-furea | C92: 星河フレア | D92: ほしかわ ふれあ | E92: Hoshikawa Furea | F92: https://nyaruru.wixsite.com/s-p-w | G92: #星河フレア | N92: 済 | O92: =テーブル1[[#This Row],[リンク]]&テーブル1[[#This Row],[描画状況]] -> https://nyaruru.wixsite.com/s-p-w済 | P92: =1-(COUNTIF(O:O,_xlfn.TEXTJOIN(",",TRUE,テーブル1[[#This Row],[リンク]],テーブル1[[#This Row],[描画状況]]))/COUNTIF(F:F,テーブル1[[#This Row],[リンク]])) -> 1 | Q92: =IFERROR(IF(テーブル1[[#This Row],[描画状況]]="",RAND()+(テーブル1[[#This Row],[列2]]*100),""),RAND()) | R92: 済 | S92: =IF(AND(テーブル1[[#This Row],[描画状況]]="済",テーブル1[[#This Row],[投稿状況]]=""),RAND(),"") | T92: ="|&image("&テーブル1[[#This Row],[画像]]&".png,width=100,height=100)" -> |&image(hoshikawa-furea.png,width=100,height=100) | U92: ="|MIDDLE:​"&テーブル1[[#This Row],[名前]] -> |MIDDLE:​星河フレア | V92: ="|MIDDLE:​"&テーブル1[[#This Row],[なまえ]] -> |MIDDLE:​ほしかわ ふれあ | W92: ="|MIDDLE:​"&テーブル1[[#This Row],[Name]] -> |MIDDLE:​Hoshikawa Furea | X92: ="|MIDDLE:​&link(配布所はこちら){​"&テーブル1[[#This Row],[リンク]]&"}|" -> |MIDDLE:​&link(配布所はこちら){​https://nyaruru.wixsite.com/s-p-w}|
A93: 92 | B93: =SUBSTITUTE(SUBSTITUTE(SUBSTITUTE(SUBSTITUTE(SUBSTITUTE(SUBSTITUTE(SUBSTITUTE(SUBSTITUTE(LOWER(テーブル1[[#This Row],[Name]])," ","-"),".","-"),"&","-"),"_","-"),"・","-"),"=","-"),"--","-"),"--","-") -> hosiyomi-yume | C93: 星詠ゆめ | D93: ほしよみ ゆめ | E93: Hosiyomi Yume | F93: https://hosiyomi.jimdofree.com | G93: #星詠ゆめ | M93: 〇 / 不要 | N93: 済 | O93: =テーブル1[[#This Row],[リンク]]&テーブル1[[#This Row],[描画状況]] -> https://hosiyomi.jimdofree.com済 | P93: =1-(COUNTIF(O:O,_xlfn.TEXTJOIN(",",TRUE,テーブル1[[#This Row],[リンク]],テーブル1[[#This Row],[描画状況]]))/COUNTIF(F:F,テーブル1[[#This Row],[リンク]])) -> 1 | Q93: =IFERROR(IF(テーブル1[[#This Row],[描画状況]]="",RAND()+(テーブル1[[#This Row],[列2]]*100),""),RAND()) | R93: 済 | S93: =IF(AND(テーブル1[[#This Row],[描画状況]]="済",テーブル1[[#This Row],[投稿状況]]=""),RAND(),"") | T93: ="|&image("&テーブル1[[#This Row],[画像]]&".png,width=100,height=100)" -> |&image(hosiyomi-yume.png,width=100,height=100) | U93: ="|MIDDLE:​"&テーブル1[[#This Row],[名前]] -> |MIDDLE:​星詠ゆめ | V93: ="|MIDDLE:​"&テーブル1[[#This Row],[なまえ]] -> |MIDDLE:​ほしよみ ゆめ | W93: ="|MIDDLE:​"&テーブル1[[#This Row],[Name]] -> |MIDDLE:​Hosiyomi Yume | X93: ="|MIDDLE:​&link(配布所はこちら){​"&テーブル1[[#This Row],[リンク]]&"}|" -> |MIDDLE:​&link(配布所はこちら){​https://hosiyomi.jimdofree.com}|
A94: 93 | B94: =SUBSTITUTE(SUBSTITUTE(SUBSTITUTE(SUBSTITUTE(SUBSTITUTE(SUBSTITUTE(SUBSTITUTE(SUBSTITUTE(LOWER(テーブル1[[#This Row],[Name]])," ","-"),".","-"),"&","-"),"_","-"),"・","-"),"=","-"),"--","-"),"--","-") -> hotaru | C94: 蛍(ほたる) | D94: ほたる | E94: Hotaru | F94: http://park2.wakwak.com/~mbox/vo/hk/hkfre.htm | G94: #蛍_UTAU | M94: 〇 / 必要 | N94: 済 | O94: =テーブル1[[#This Row],[リンク]]&テーブル1[[#This Row],[描画状況]] -> http://park2.wakwak.com/~mbox/vo/hk/hkfre.htm済 | P94: =1-(COUNTIF(O:O,_xlfn.TEXTJOIN(",",TRUE,テーブル1[[#This Row],[リンク]],テーブル1[[#This Row],[描画状況]]))/COUNTIF(F:F,テーブル1[[#This Row],[リンク]])) -> 1 | Q94: =IFERROR(IF(テーブル1[[#This Row],[描画状況]]="",RAND()+(テーブル1[[#This Row],[列2]]*100),""),RAND()) | R94: 済 | S94: =IF(AND(テーブル1[[#This Row],[描画状況]]="済",テーブル1[[#This Row],[投稿状況]]=""),RAND(),"") | T94: ="|&image("&テーブル1[[#This Row],[画像]]&".png,width=100,height=100)" -> |&image(hotaru.png,width=100,height=100) | U94: ="|MIDDLE:​"&テーブル1[[#This Row],[名前]] -> |MIDDLE:​蛍(ほたる) | V94: ="|MIDDLE:​"&テーブル1[[#This Row],[なまえ]] -> |MIDDLE:​ほたる | W94: ="|MIDDLE:​"&テーブル1[[#This Row],[Name]] -> |MIDDLE:​Hotaru | X94: ="|MIDDLE:​&link(配布所はこちら){​"&テーブル1[[#This Row],[リンク]]&"}|" -> |MIDDLE:​&link(配布所はこちら){​http://park2.wakwak.com/~mbox/vo/hk/hkfre.htm}|
A95: 94 | B95: =SUBSTITUTE(SUBSTITUTE(SUBSTITUTE(SUBSTITUTE(SUBSTITUTE(SUBSTITUTE(SUBSTITUTE(SUBSTITUTE(LOWER(テーブル1[[#This Row],[Name]])," ","-"),".","-"),"&","-"),"_","-"),"・","-"),"=","-"),"--","-"),"--","-") -> matsudappoine | C95: 松田っぽいね | D95: まつだっぽいね | E95: Matsudappoine | F95: http://lllll17.web.fc2.com/index.html | G95: #松田っぽいね | M95: 〇 / 不要 | N95: 済 | O95: =テーブル1[[#This Row],[リンク]]&テーブル1[[#This Row],[描画状況]] -> http://lllll17.web.fc2.com/index.html済 | P95: =1-(COUNTIF(O:O,_xlfn.TEXTJOIN(",",TRUE,テーブル1[[#This Row],[リンク]],テーブル1[[#This Row],[描画状況]]))/COUNTIF(F:F,テーブル1[[#This Row],[リンク]])) -> 1 | Q95: =IFERROR(IF(テーブル1[[#This Row],[描画状況]]="",RAND()+(テーブル1[[#This Row],[列2]]*100),""),RAND()) | R95: 済 | S95: =IF(AND(テーブル1[[#This Row],[描画状況]]="済",テーブル1[[#This Row],[投稿状況]]=""),RAND(),"") | T95: ="|&image("&テーブル1[[#This Row],[画像]]&".png,width=100,height=100)" -> |&image(matsudappoine.png,width=100,height=100) | U95: ="|MIDDLE:​"&テーブル1[[#This Row],[名前]] -> |MIDDLE:​松田っぽいね | V95: ="|MIDDLE:​"&テーブル1[[#This Row],[なまえ]] -> |MIDDLE:​まつだっぽいね | W95: ="|MIDDLE:​"&テーブル1[[#This Row],[Name]] -> |MIDDLE:​Matsudappoine | X95: ="|MIDDLE:​&link(配布所はこちら){​"&テーブル1[[#This Row],[リンク]]&"}|" -> |MIDDLE:​&link(配布所はこちら){​http://lllll17.web.fc2.com/index.html}|
A96: 95 | B96: =SUBSTITUTE(SUBSTITUTE(SUBSTITUTE(SUBSTITUTE(SUBSTITUTE(SUBSTITUTE(SUBSTITUTE(SUBSTITUTE(LOWER(テーブル1[[#This Row],[Name]])," ","-"),".","-"),"&","-"),"_","-"),"・","-"),"=","-"),"--","-"),"--","-") -> matsudappoiyo | C96: 松田っぽいよ | D96: まつだっぽいよ | E96: Matsudappoiyo | F96: http://lllll17.web.fc2.com/index.html | G96: #松田っぽいよ | M96: 〇 / 不要 | N96: 済 | O96: =テーブル1[[#This Row],[リンク]]&テーブル1[[#This Row],[描画状況]] -> http://lllll17.web.fc2.com/index.html済 | P96: =1-(COUNTIF(O:O,_xlfn.TEXTJOIN(",",TRUE,テーブル1[[#This Row],[リンク]],テーブル1[[#This Row],[描画状況]]))/COUNTIF(F:F,テーブル1[[#This Row],[リンク]])) -> 1 | Q96: =IFERROR(IF(テーブル1[[#This Row],[描画状況]]="",RAND()+(テーブル1[[#This Row],[列2]]*100),""),RAND()) | R96: 済 | S96: =IF(AND(テーブル1[[#This Row],[描画状況]]="済",テーブル1[[#This Row],[投稿状況]]=""),RAND(),"") | T96: ="|&image("&テーブル1[[#This Row],[画像]]&".png,width=100,height=100)" -> |&image(matsudappoiyo.png,width=100,height=100) | U96: ="|MIDDLE:​"&テーブル1[[#This Row],[名前]] -> |MIDDLE:​松田っぽいよ | V96: ="|MIDDLE:​"&テーブル1[[#This Row],[なまえ]] -> |MIDDLE:​まつだっぽいよ | W96: ="|MIDDLE:​"&テーブル1[[#This Row],[Name]] -> |MIDDLE:​Matsudappoiyo | X96: ="|MIDDLE:​&link(配布所はこちら){​"&テーブル1[[#This Row],[リンク]]&"}|" -> |MIDDLE:​&link(配布所はこちら){​http://lllll17.web.fc2.com/index.html}|
A97: 96 | B97: =SUBSTITUTE(SUBSTITUTE(SUBSTITUTE(SUBSTITUTE(SUBSTITUTE(SUBSTITUTE(SUBSTITUTE(SUBSTITUTE(LOWER(テーブル1[[#This Row],[Name]])," ","-"),".","-"),"&","-"),"_","-"),"・","-"),"=","-"),"--","-"),"--","-") -> matsuyuki-chitose | C97: ​沫幸チトセ | D97: まつゆき ちとせ | E97: Matsuyuki Chitose | F97: https://nichikuniku1129063.wixsite.com/website-3 | G97: #Pietà_ | N97: 済 | O97: =テーブル1[[#This Row],[リンク]]&テーブル1[[#This Row],[描画状況]] -> https://nichikuniku1129063.wixsite.com/website-3済 | P97: =1-(COUNTIF(O:O,_xlfn.TEXTJOIN(",",TRUE,テーブル1[[#This Row],[リンク]],テーブル1[[#This Row],[描画状況]]))/COUNTIF(F:F,テーブル1[[#This Row],[リンク]])) -> 1 | Q97: =IFERROR(IF(テーブル1[[#This Row],[描画状況]]="",RAND()+(テーブル1[[#This Row],[列2]]*100),""),RAND()) | R97: 済 | S97: =IF(AND(テーブル1[[#This Row],[描画状況]]="済",テーブル1[[#This Row],[投稿状況]]=""),RAND(),"") | T97: ="|&image("&テーブル1[[#This Row],[画像]]&".png,width=100,height=100)" -> |&image(matsuyuki-chitose.png,width=100,height=100) | U97: ="|MIDDLE:​"&テーブル1[[#This Row],[名前]] -> |MIDDLE:​​沫幸チトセ | V97: ="|MIDDLE:​"&テーブル1[[#This Row],[なまえ]] -> |MIDDLE:​まつゆき ちとせ | W97: ="|MIDDLE:​"&テーブル1[[#This Row],[Name]] -> |MIDDLE:​Matsuyuki Chitose | X97: ="|MIDDLE:​&link(配布所はこちら){​"&テーブル1[[#This Row],[リンク]]&"}|" -> |MIDDLE:​&link(配布所はこちら){​https://nichikuniku1129063.wixsite.com/website-3}|
A98: 97 | B98: =SUBSTITUTE(SUBSTITUTE(SUBSTITUTE(SUBSTITUTE(SUBSTITUTE(SUBSTITUTE(SUBSTITUTE(SUBSTITUTE(LOWER(テーブル1[[#This Row],[Name]])," ","-"),".","-"),"&","-"),"_","-"),"・","-"),"=","-"),"--","-"),"--","-") -> marune-shunichi | C98: 円音春二ノ前 | D98: まるね しゅんいち | E98: Marune Shunichi | F98: https://www.postype.com/@utau-deepvocal-dalso | G98: #円音春二ノ前 | N98: 済 | O98: =テーブル1[[#This Row],[リンク]]&テーブル1[[#This Row],[描画状況]] -> https://www.postype.com/@utau-deepvocal-dalso済 | P98: =1-(COUNTIF(O:O,_xlfn.TEXTJOIN(",",TRUE,テーブル1[[#This Row],[リンク]],テーブル1[[#This Row],[描画状況]]))/COUNTIF(F:F,テーブル1[[#This Row],[リンク]])) -> 1 | Q98: =IFERROR(IF(テーブル1[[#This Row],[描画状況]]="",RAND()+(テーブル1[[#This Row],[列2]]*100),""),RAND()) | R98: 済 | S98: =IF(AND(テーブル1[[#This Row],[描画状況]]="済",テーブル1[[#This Row],[投稿状況]]=""),RAND(),"") | T98: ="|&image("&テーブル1[[#This Row],[画像]]&".png,width=100,height=100)" -> |&image(marune-shunichi.png,width=100,height=100) | U98: ="|MIDDLE:​"&テーブル1[[#This Row],[名前]] -> |MIDDLE:​円音春二ノ前 | V98: ="|MIDDLE:​"&テーブル1[[#This Row],[なまえ]] -> |MIDDLE:​まるね しゅんいち | W98: ="|MIDDLE:​"&テーブル1[[#This Row],[Name]] -> |MIDDLE:​Marune Shunichi | X98: ="|MIDDLE:​&link(配布所はこちら){​"&テーブル1[[#This Row],[リンク]]&"}|" -> |MIDDLE:​&link(配布所はこちら){​https://www.postype.com/@utau-deepvocal-dalso}|
A99: 98 | B99: =SUBSTITUTE(SUBSTITUTE(SUBSTITUTE(SUBSTITUTE(SUBSTITUTE(SUBSTITUTE(SUBSTITUTE(SUBSTITUTE(LOWER(テーブル1[[#This Row],[Name]])," ","-"),".","-"),"&","-"),"_","-"),"・","-"),"=","-"),"--","-"),"--","-") -> mikuji | C99: ​みくじ | D99: みくじ | E99: mikuji | F99: https://utauudon.wixsite.com/origamisyokudou | G99: #折紙食堂 | N99: 済 | O99: =テーブル1[[#This Row],[リンク]]&テーブル1[[#This Row],[描画状況]] -> https://utauudon.wixsite.com/origamisyokudou済 | P99: =1-(COUNTIF(O:O,_xlfn.TEXTJOIN(",",TRUE,テーブル1[[#This Row],[リンク]],テーブル1[[#This Row],[描画状況]]))/COUNTIF(F:F,テーブル1[[#This Row],[リンク]])) -> 1 | Q99: =IFERROR(IF(テーブル1[[#This Row],[描画状況]]="",RAND()+(テーブル1[[#This Row],[列2]]*100),""),RAND()) | R99: 済 | S99: =IF(AND(テーブル1[[#This Row],[描画状況]]="済",テーブル1[[#This Row],[投稿状況]]=""),RAND(),"") | T99: ="|&image("&テーブル1[[#This Row],[画像]]&".png,width=100,height=100)" -> |&image(mikuji.png,width=100,height=100) | U99: ="|MIDDLE:​"&テーブル1[[#This Row],[名前]] -> |MIDDLE:​​みくじ | V99: ="|MIDDLE:​"&テーブル1[[#This Row],[なまえ]] -> |MIDDLE:​みくじ | W99: ="|MIDDLE:​"&テーブル1[[#This Row],[Name]] -> |MIDDLE:​mikuji | X99: ="|MIDDLE:​&link(配布所はこちら){​"&テーブル1[[#This Row],[リンク]]&"}|" -> |MIDDLE:​&link(配布所はこちら){​https://utauudon.wixsite.com/origamisyokudou}|
A100: 99 | B100: =SUBSTITUTE(SUBSTITUTE(SUBSTITUTE(SUBSTITUTE(SUBSTITUTE(SUBSTITUTE(SUBSTITUTE(SUBSTITUTE(LOWER(テーブル1[[#This Row],[Name]])," ","-"),".","-"),"&","-"),"_","-"),"・","-"),"=","-"),"--","-"),"--","-") -> mx-dream | C100: Mx.ドリーム | D100: みくす どりーむ | E100: Mx.Dream | F100: https://utauudon.wixsite.com/origamisyokudou | G100: #折紙食堂 | N100: 済 | O100: =テーブル1[[#This Row],[リンク]]&テーブル1[[#This Row],[描画状況]] -> https://utauudon.wixsite.com/origamisyokudou済 | P100: =1-(COUNTIF(O:O,_xlfn.TEXTJOIN(",",TRUE,テーブル1[[#This Row],[リンク]],テーブル1[[#This Row],[描画状況]]))/COUNTIF(F:F,テーブル1[[#This Row],[リンク]])) -> 1 | Q100: =IFERROR(IF(テーブル1[[#This Row],[描画状況]]="",RAND()+(テーブル1[[#This Row],[列2]]*100),""),RAND()) | R100: 済 | S100: =IF(AND(テーブル1[[#This Row],[描画状況]]="済",テーブル1[[#This Row],[投稿状況]]=""),RAND(),"") | T100: ="|&image("&テーブル1[[#This Row],[画像]]&".png,width=100,height=100)" -> |&image(mx-dream.png,width=100,height=100) | U100: ="|MIDDLE:​"&テーブル1[[#This Row],[名前]] -> |MIDDLE:​Mx.ドリーム | V100: ="|MIDDLE:​"&テーブル1[[#This Row],[なまえ]] -> |MIDDLE:​みくす どりーむ | W100: ="|MIDDLE:​"&テーブル1[[#This Row],[Name]] -> |MIDDLE:​Mx.Dream | X100: ="|MIDDLE:​&link(配布所はこちら){​"&テーブル1[[#This Row],[リンク]]&"}|" -> |MIDDLE:​&link(配布所はこちら){​https://utauudon.wixsite.com/origamisyokudou}|
...

Sheet ガチャ
B2: キャラクターガチャ
B4: 行番号 | C4: =MATCH(C5,キャラ情報!C:C,0) -> 337
B5: 名前 | C5: =INDEX(キャラ情報!C:Q,MATCH(MIN(キャラ情報!Q:Q),キャラ情報!Q:Q,0),1) -> 李音フヱル
B6: リンク | C6: =INDEX(キャラ情報!C:Q,MATCH(MIN(キャラ情報!Q:Q),キャラ情報!Q:Q,0),4) -> https://suukedayo.wixsite.com/shiawasefairu
B9: 投稿ガチャ
B11: 行番号 | C11: =MATCH(C12,キャラ情報!C:C,0) -> #N/A
B12: 名前 | C12: =INDEX(キャラ情報!C:S,MATCH(MIN(キャラ情報!S:S),キャラ情報!S:S,0),1) -> #N/A
B14: ■投稿文
B15: ＼＼UTAUアイコン追加！📣／／
B17: ="No."&MAX(キャラ情報!A:A)+1&"｜" -> No.233｜ | C17: =C12 -> #N/A
B18: =INDEX(キャラ情報!C:G,MATCH(C12,キャラ情報!C:C,0),5) -> #N/A
B20: まとめはこちら ↓
B21: 🔗https://nyaruru-02.github.io/UTAU-Character-Icon-Library

Sheet csv変換
A1: id | B1: name | C1: kana | D1: romaji | E1: icon | F1: url | G1: workTags | H1: gender | I1: 種族タグ | J1: 職業タグ | K1: 小物タグ | L1: ワンポイントタグ
A2: =テーブル1[[#This Row],[番号]] -> 1 | B2: =テーブル1[[#This Row],[名前]] -> 赤鐘芙蓉 | C2: =テーブル1[[#This Row],[なまえ]] -> あかがね ふよう | D2: =テーブル1[[#This Row],[Name]] -> Akagane Fuyo | E2: ="image/"&テーブル1[[#This Row],[画像]]&".png" -> image/akagane-fuyo.png | F2: =テーブル1[[#This Row],[リンク]] -> https://mitoristu.wixsite.com/kousaibako | G2: =SUBSTITUTE(テーブル1[[#This Row],[作品タグ]]," ","|") -> #虹彩箱 | H2: =テーブル1[[#This Row],[性別]]&"" -> 女性 | I2: =テーブル1[[#This Row],[種族タグ]]&"" -> 鬼 | J2: =テーブル1[[#This Row],[職業タグ]]&"" | K2: =テーブル1[[#This Row],[小物タグ]]&"" | L2: =テーブル1[[#This Row],[ワンポイントタグ]]&"" -> 尖耳
A3: =テーブル1[[#This Row],[番号]] -> 2 | B3: =テーブル1[[#This Row],[名前]] -> 東屋亭久一 | C3: =テーブル1[[#This Row],[なまえ]] -> あずまやてい きゅういち | D3: =テーブル1[[#This Row],[Name]] -> Azumayatei Kyuichi | E3: ="image/"&テーブル1[[#This Row],[画像]]&".png" -> image/azumayatei-kyuichi.png | F3: =テーブル1[[#This Row],[リンク]] -> https://lit.link/sereinrain | G3: =SUBSTITUTE(テーブル1[[#This Row],[作品タグ]]," ","|") -> #東屋でお茶でも | H3: =テーブル1[[#This Row],[性別]]&"" -> 男性 | I3: =テーブル1[[#This Row],[種族タグ]]&"" -> 人間 | J3: =テーブル1[[#This Row],[職業タグ]]&"" -> 学者 | K3: =テーブル1[[#This Row],[小物タグ]]&"" -> 眼鏡 | L3: =テーブル1[[#This Row],[ワンポイントタグ]]&"" -> インナーカラー|片目隠れ
A4: =テーブル1[[#This Row],[番号]] -> 3 | B4: =テーブル1[[#This Row],[名前]] -> アセテート | C4: =テーブル1[[#This Row],[なまえ]] -> あせてーと | D4: =テーブル1[[#This Row],[Name]] -> Acetate | E4: ="image/"&テーブル1[[#This Row],[画像]]&".png" -> image/acetate.png | F4: =テーブル1[[#This Row],[リンク]] -> https://cloudcatch1224.wixsite.com/godsfoot | G4: =SUBSTITUTE(テーブル1[[#This Row],[作品タグ]]," ","|") -> #神様の足元 | H4: =テーブル1[[#This Row],[性別]]&"" -> 男性 | I4: =テーブル1[[#This Row],[種族タグ]]&"" -> 人間|機械 | J4: =テーブル1[[#This Row],[職業タグ]]&"" -> 機械整備士 | K4: =テーブル1[[#This Row],[小物タグ]]&"" | L4: =テーブル1[[#This Row],[ワンポイントタグ]]&"" -> 角(ツノ)|羽|尻尾
A5: =テーブル1[[#This Row],[番号]] -> 4 | B5: =テーブル1[[#This Row],[名前]] -> 足立レイ | C5: =テーブル1[[#This Row],[なまえ]] -> あだち れい | D5: =テーブル1[[#This Row],[Name]] -> Adachi Rei | E5: ="image/"&テーブル1[[#This Row],[画像]]&".png" -> image/adachi-rei.png | F5: =テーブル1[[#This Row],[リンク]] -> https://mechanicalgirl.jp | G5: =SUBSTITUTE(テーブル1[[#This Row],[作品タグ]]," ","|") -> #足立レイ | H5: =テーブル1[[#This Row],[性別]]&"" -> 女性 | I5: =テーブル1[[#This Row],[種族タグ]]&"" -> 機械 | J5: =テーブル1[[#This Row],[職業タグ]]&"" | K5: =テーブル1[[#This Row],[小物タグ]]&"" -> イヤーユニット | L5: =テーブル1[[#This Row],[ワンポイントタグ]]&""
A6: =テーブル1[[#This Row],[番号]] -> 5 | B6: =テーブル1[[#This Row],[名前]] -> 花鶏音ひわ | C6: =テーブル1[[#This Row],[なまえ]] -> あとりね ひわ | D6: =テーブル1[[#This Row],[Name]] -> Atorine Hiwa | E6: ="image/"&テーブル1[[#This Row],[画像]]&".png" -> image/atorine-hiwa.png | F6: =テーブル1[[#This Row],[リンク]] -> https://torinosu-hikikomori.jimdofree.com | G6: =SUBSTITUTE(テーブル1[[#This Row],[作品タグ]]," ","|") -> #ひわわーアラート | H6: =テーブル1[[#This Row],[性別]]&"" -> 女性 | I6: =テーブル1[[#This Row],[種族タグ]]&"" -> 鳥 | J6: =テーブル1[[#This Row],[職業タグ]]&"" | K6: =テーブル1[[#This Row],[小物タグ]]&"" -> マスク | L6: =テーブル1[[#This Row],[ワンポイントタグ]]&"" -> 羽
A7: =テーブル1[[#This Row],[番号]] -> 6 | B7: =テーブル1[[#This Row],[名前]] -> Adol | C7: =テーブル1[[#This Row],[なまえ]] -> あどる | D7: =テーブル1[[#This Row],[Name]] -> Adol | E7: ="image/"&テーブル1[[#This Row],[画像]]&".png" -> image/adol.png | F7: =テーブル1[[#This Row],[リンク]] -> https://kuroi9603.wixsite.com/delu-lab-south | G7: =SUBSTITUTE(テーブル1[[#This Row],[作品タグ]]," ","|") -> #でるらぼ | H7: =テーブル1[[#This Row],[性別]]&"" -> 女性 | I7: =テーブル1[[#This Row],[種族タグ]]&"" -> 人間 | J7: =テーブル1[[#This Row],[職業タグ]]&"" | K7: =テーブル1[[#This Row],[小物タグ]]&"" | L7: =テーブル1[[#This Row],[ワンポイントタグ]]&""
A8: =テーブル1[[#This Row],[番号]] -> 7 | B8: =テーブル1[[#This Row],[名前]] -> アニマ・ライツハット | C8: =テーブル1[[#This Row],[なまえ]] -> あにま らいつはっと | D8: =テーブル1[[#This Row],[Name]] -> Anima Raituhatto | E8: ="image/"&テーブル1[[#This Row],[画像]]&".png" -> image/anima-raituhatto.png | F8: =テーブル1[[#This Row],[リンク]] -> https://seirentoybox.jimdofree.com | G8: =SUBSTITUTE(テーブル1[[#This Row],[作品タグ]]," ","|") -> #セレソー作 | H8: =テーブル1[[#This Row],[性別]]&"" -> 無性別 | I8: =テーブル1[[#This Row],[種族タグ]]&"" -> バーチャル | J8: =テーブル1[[#This Row],[職業タグ]]&"" | K8: =テーブル1[[#This Row],[小物タグ]]&"" -> 眼鏡 | L8: =テーブル1[[#This Row],[ワンポイントタグ]]&"" -> オッドアイ
A9: =テーブル1[[#This Row],[番号]] -> 8 | B9: =テーブル1[[#This Row],[名前]] -> 天使ふあわ | C9: =テーブル1[[#This Row],[なまえ]] -> あまつか ふあわ | D9: =テーブル1[[#This Row],[Name]] -> Amatsuka Fuawa | E9: ="image/"&テーブル1[[#This Row],[画像]]&".png" -> image/amatsuka-fuawa.png | F9: =テーブル1[[#This Row],[リンク]] -> https://utausuzuminnya.jimdofree.com | G9: =SUBSTITUTE(テーブル1[[#This Row],[作品タグ]]," ","|") -> #ふあわあーと | H9: =テーブル1[[#This Row],[性別]]&"" -> 女性 | I9: =テーブル1[[#This Row],[種族タグ]]&"" -> 人間|天使 | J9: =テーブル1[[#This Row],[職業タグ]]&"" | K9: =テーブル1[[#This Row],[小物タグ]]&"" | L9: =テーブル1[[#This Row],[ワンポイントタグ]]&"" -> 羽
A10: =テーブル1[[#This Row],[番号]] -> 9 | B10: =テーブル1[[#This Row],[名前]] -> 雨音うさぎ | C10: =テーブル1[[#This Row],[なまえ]] -> あまね うさぎ | D10: =テーブル1[[#This Row],[Name]] -> Amane Usagi | E10: ="image/"&テーブル1[[#This Row],[画像]]&".png" -> image/amane-usagi.png | F10: =テーブル1[[#This Row],[リンク]] -> https://sabaneko.amebaownd.com | G10: =SUBSTITUTE(テーブル1[[#This Row],[作品タグ]]," ","|") -> #雨音うさぎ | H10: =テーブル1[[#This Row],[性別]]&"" -> 女性 | I10: =テーブル1[[#This Row],[種族タグ]]&"" -> 人間 | J10: =テーブル1[[#This Row],[職業タグ]]&"" | K10: =テーブル1[[#This Row],[小物タグ]]&"" -> 動物 | L10: =テーブル1[[#This Row],[ワンポイントタグ]]&"" -> 渦巻き目、アホ毛
A11: =テーブル1[[#This Row],[番号]] -> 10 | B11: =テーブル1[[#This Row],[名前]] -> 怪子奇 | C11: =テーブル1[[#This Row],[なまえ]] -> あやしき | D11: =テーブル1[[#This Row],[Name]] -> Ayashiki | E11: ="image/"&テーブル1[[#This Row],[画像]]&".png" -> image/ayashiki.png | F11: =テーブル1[[#This Row],[リンク]] -> https://inudanuki.wixsite.com/gottaniomotyabako | G11: =SUBSTITUTE(テーブル1[[#This Row],[作品タグ]]," ","|") -> #煮バコ | H11: =テーブル1[[#This Row],[性別]]&"" -> 男性 | I11: =テーブル1[[#This Row],[種族タグ]]&"" -> 故人|幽霊 | J11: =テーブル1[[#This Row],[職業タグ]]&"" | K11: =テーブル1[[#This Row],[小物タグ]]&"" | L11: =テーブル1[[#This Row],[ワンポイントタグ]]&"" -> ツートンカラー
A12: =テーブル1[[#This Row],[番号]] -> 11 | B12: =テーブル1[[#This Row],[名前]] -> 泡沫紬 | C12: =テーブル1[[#This Row],[なまえ]] -> うたかた つむぎ | D12: =テーブル1[[#This Row],[Name]] -> Utakata Tsumugi | E12: ="image/"&テーブル1[[#This Row],[画像]]&".png" -> image/utakata-tsumugi.png | F12: =テーブル1[[#This Row],[リンク]] -> https://tourist100f.wixsite.com/utakata-kosyo | G12: =SUBSTITUTE(テーブル1[[#This Row],[作品タグ]]," ","|") -> #泡沫古書店 | H12: =テーブル1[[#This Row],[性別]]&"" -> 女性 | I12: =テーブル1[[#This Row],[種族タグ]]&"" -> 人間 | J12: =テーブル1[[#This Row],[職業タグ]]&"" -> 書店員 | K12: =テーブル1[[#This Row],[小物タグ]]&"" -> 眼鏡 | L12: =テーブル1[[#This Row],[ワンポイントタグ]]&""
A13: =テーブル1[[#This Row],[番号]] -> 12 | B13: =テーブル1[[#This Row],[名前]] -> 唄音ウタ(デフォ子) | C13: =テーブル1[[#This Row],[なまえ]] -> うたね うた(でふぉこ) | D13: =テーブル1[[#This Row],[Name]] -> Utane Uta(Defoko) | E13: ="image/"&テーブル1[[#This Row],[画像]]&".png" -> image/utane-uta(defoko).png | F13: =テーブル1[[#This Row],[リンク]] -> - | G13: =SUBSTITUTE(テーブル1[[#This Row],[作品タグ]]," ","|") -> #デフォ子 | H13: =テーブル1[[#This Row],[性別]]&"" -> 女性 | I13: =テーブル1[[#This Row],[種族タグ]]&"" | J13: =テーブル1[[#This Row],[職業タグ]]&"" | K13: =テーブル1[[#This Row],[小物タグ]]&"" -> ヘッドセット | L13: =テーブル1[[#This Row],[ワンポイントタグ]]&""
... A233: =テーブル1[[#This Row],[番号]] -> 232 | B233: =テーブル1[[#This Row],[名前]] -> 鳴上キョウ | C233: =テーブル1[[#This Row],[なまえ]] -> なるかみ きょう | D233: =テーブル1[[#This Row],[Name]] -> Narukami Kyou | E233: ="image/"&テーブル1[[#This Row],[画像]]&".png" -> image/narukami-kyou.png | F233: =テーブル1[[#This Row],[リンク]] -> https://sites.google.com/view/arcobaleno-utau/home | G233: =SUBSTITUTE(テーブル1[[#This Row],[作品タグ]]," ","|") -> 鳴上キョウ(UTAU) | H233: =テーブル1[[#This Row],[性別]]&"" -> 男性 | I233: =テーブル1[[#This Row],[種族タグ]]&"" -> 人間 | J233: =テーブル1[[#This Row],[職業タグ]]&"" | K233: =テーブル1[[#This Row],[小物タグ]]&"" | L233: =テーブル1[[#This Row],[ワンポイントタグ]]&""
